word	count
the	24201
and	12847
to	12824
a	9349
of	8924
she	8225
her	8074
he	6325
was	6085
it	6005
I	5875
you	5613
in	5379
said	5354
that	4707
his	3991
with	3529
but	3419
at	3252
for	2915
as	2844
all	2835
be	2672
they	2637
on	2561
them	2512
had	2429
one	2424
him	2415
out	2311
like	2222
have	2181
if	2156
this	2107
what	2076
not	2015
we	2008
up	1982
could	1948
were	1888
so	1870
dragon	1857
from	1853
is	1852
about	1755
me	1719
into	1706
dragons	1689
back	1590
do	1573
Tsunami	1570
would	1532
or	1527
no	1480
there	1470
queen	1393
around	1272
don't	1267
can	1240
then	1219
right	1192
didn't	1174
know	1153
my	1133
are	1118
how	1108
Clay	1107
I'm	1090
down	1088
over	1083
their	1063
Sundew	1040
here	1024
who	1012
just	985
now	978
your	977
more	965
wings	963
see	952
way	942
Luna	938
thought	929
get	925
other	916
did	906
think	906
it's	903
too	897
when	894
been	881
an	876
even	862
maybe	849
by	837
us	837
head	823
something	816
talons	802
Wren	800
eyes	798
time	798
go	795
Ivy	783
asked	773
again	755
through	749
sky	743
away	730
where	729
only	719
want	715
than	698
going	695
little	694
looked	693
still	679
any	670
she'd	670
really	667
never	659
that's	655
look	654
off	631
why	623
Leaf	613
you're	608
before	604
sure	583
Darkstalker	571
will	570
tail	555
make	549
couldn't	538
long	537
well	537
Cricket	535
after	528
scales	527
wasn't	518
face	516
can't	515
very	515
come	513
much	503
oh	503
should	503
Clearsight	502
felt	491
moment	490
Fathom	488
two	487
claws	486
tell	479
Starflight	467
Glory	466
he'd	466
might	462
toward	458
let	457
first	456
anything	454
blue	453
another	446
saw	442
knew	440
because	436
find	436
made	436
some	436
dragonets	428
our	423
stop	421
though	420
palace	419
we're	408
Sunny	404
trying	397
voice	390
which	385
looking	381
ever	376
wanted	376
mother	373
say	372
mean	370
I'll	365
behind	362
own	361
day	355
side	354
herself	348
fire	347
water	347
cave	346
most	346
turned	346
Willow	345
tried	344
dark	338
good	336
took	336
everyone	334
he's	333
things	333
need	331
stone	330
thing	329
enough	326
sand	326
else	324
room	321
three	320
along	319
Coral	316
kind	316
seen	315
kill	314
help	311
far	310
every	309
someone	309
without	309
she's	308
wouldn't	308
Daffodil	307
yes	307
few	306
under	306
until	306
friends	305
whole	304
across	303
keep	302
take	302
Violet	302
went	302
whispered	298
always	297
came	296
small	294
its	293
once	290
has	289
anyone	288
those	287
found	286
these	285
between	283
everything	283
same	282
air	281
better	281
Indigo	281
must	280
feel	278
mind	278
while	276
got	275
idea	274
pointed	273
front	272
suddenly	270
inside	269
they're	266
probably	262
also	261
night	259
dragonet	257
last	256
being	255
human	255
wait	252
hear	251
years	251
instead	250
Peril	250
told	250
doing	249
father	249
tribe	249
world	248
black	247
Lizard	245
new	244
each	242
rose	242
big	241
hadn't	241
treasure	241
life	239
next	239
started	239
they'd	239
fight	238
won't	238
neck	236
try	236
coming	235
egg	235
place	235
there's	233
together	233
below	231
doesn't	231
green	230
Kestrel	228
close	227
himself	227
both	226
safe	226
village	226
reached	225
left	224
save	224
finally	223
prophecy	223
we'll	223
already	222
give	222
heard	222
SeaWing	222
trees	222
CHAPTER	221
guards	221
least	219
snout	219
Swordtail	219
use	219
seemed	218
wrong	218
glanced	217
I've	217
realized	216
am	214
gone	214
against	213
gave	213
humans	211
stay	210
dead	209
Wasp	209
beside	207
course	207
real	207
throne	207
end	206
others	206
sorry	206
lot	204
war	202
breath	201
part	201
wall	201
eat	200
work	200
care	199
tree	199
cried	197
pretty	197
soon	197
kingdom	196
nothing	194
hard	193
top	192
burn	191
nearly	191
called	190
let's	190
webs	188
caught	187
great	187
stopped	186
guess	184
shook	184
closer	183
Dusky	183
open	182
rest	182
Scarlet	182
weird	182
Anemone	181
bad	181
Blister	180
Cottonmouth	180
fly	180
does	179
talk	179
actually	178
HiveWings	177
animus	176
kept	176
magic	176
river	176
done	175
future	175
many	175
outside	175
Rowan	175
light	174
power	174
exactly	173
floor	173
I'd	173
set	173
either	172
full	172
plant	172
tunnel	172
plan	171
SkyWing	171
different	170
remember	170
almost	168
isn't	166
slowly	166
door	164
flew	163
thinking	163
deep	162
feet	162
NightWing	162
city	161
held	161
please	161
scroll	161
tiny	161
you'll	161
leave	160
old	160
shouted	160
white	160
heart	159
put	159
true	158
wing	158
home	157
spread	157
vines	157
NightWings	156
wondered	156
yet	156
bit	155
quickly	155
flying	154
Arctic	153
free	152
HiveWing	152
mad	152
Riptide	152
supposed	152
dragonslayer	149
people	149
days	147
love	147
later	146
mountain	146
onto	146
sea	146
anyway	145
feeling	145
blood	144
rock	144
secret	144
sound	144
although	143
happened	143
lifted	143
Foxglove	142
half	142
quite	142
shoulder	142
hands	141
needed	141
perhaps	141
getting	140
Hive	140
Sundew's	140
believe	138
forward	138
hope	138
ones	138
sister	137
map	136
somewhere	136
expression	135
fast	135
gold	135
snapped	135
die	134
ground	134
especially	133
important	133
red	133
stared	133
worried	133
Listener	132
name	132
ocean	132
Pineapple	132
ran	132
since	132
what's	132
claw	131
SeaWings	131
alive	130
alone	130
best	130
closed	130
Bumblebee	129
followed	128
happen	128
meant	128
several	128
Tsunami's	128
sat	127
Belladonna	126
met	126
talon	126
teeth	126
bring	125
guessed	125
Nettle	125
dragon's	124
fine	124
flamesilk	124
near	124
peace	124
stepped	124
waiting	124
large	123
story	123
terrible	123
used	123
walls	123
abyss	122
jungle	122
nodded	122
pale	122
parents	122
ready	122
shot	122
talking	122
able	121
ahead	121
friend	121
SandWing	121
above	119
added	119
Albatross	119
body	119
Morrowseer	119
run	119
cliff	118
read	118
sun	118
arena	117
book	117
catch	117
edge	117
hide	117
watching	117
four	116
hurt	116
killed	116
Qibli	116
definitely	115
happy	115
hissed	115
making	115
nobody	115
standing	115
beach	114
control	114
five	114
mud	114
fell	113
follow	113
lost	113
understand	113
chance	112
growled	112
past	112
remembered	112
dad	111
Mandrake	111
moon	111
moons	111
plants	111
strange	111
attack	110
desert	110
dropped	110
figure	110
mouth	110
step	110
stood	110
trouble	110
whatever	110
worry	110
Clay's	109
dangerous	109
entire	109
forest	109
leaves	109
scrolls	109
smile	109
threw	109
arms	108
covered	108
matter	108
sometimes	107
ask	106
trust	106
hiding	105
ice	105
live	105
answered	104
aren't	104
except	104
family	104
orange	104
rocks	104
SkyWings	104
staring	104
um	104
Valor	104
cold	103
evil	103
fighting	103
guard	103
whether	103
Hawthorn	102
listen	102
meet	102
watch	102
words	102
agreed	101
hand	101
possible	101
SilkWings	101
thank	101
you've	101
haven't	100
overhead	100
promise	100
angry	99
landed	99
LeafWings	99
noticed	99
IceWing	98
rolled	98
SilkWing	98
ago	97
giant	97
imagine	97
says	97
turn	97
year	97
demanded	96
dragonmancers	96
escape	96
ha	96
stupid	96
taking	96
weren't	96
chest	95
sad	95
times	95
wide	95
worse	95
Grove	94
move	94
protect	94
reason	94
sighed	94
blinked	93
brought	93
leaned	93
sharp	93
smoke	92
they'll	92
brown	91
carefully	91
hole	91
less	91
Luna's	91
none	91
school	91
wants	91
afraid	90
death	90
Hazel	90
point	90
Sequoia	90
she'll	90
spot	90
visions	90
eggs	89
having	89
Pearl	89
running	89
saying	89
holding	88
IceWings	88
island	88
Ivy's	88
pulled	88
silver	88
sounds	88
start	88
awful	87
bigger	87
bright	87
destiny	87
Hey	87
quiet	87
shouldn't	87
brother	86
seem	86
such	86
wind	86
high	85
leaving	85
morning	85
today	85
yelled	85
burst	84
lake	84
shut	84
barely	83
color	83
corner	83
forever	83
grabbed	83
hidden	83
jumped	83
moved	83
sleep	83
tomorrow	83
Whiteout	83
anymore	82
battle	82
began	82
brain	82
eaten	82
eye	82
ears	81
loud	81
means	81
MudWing	81
rather	81
soldiers	81
wished	81
notice	80
pain	80
prisoners	80
RainWings	80
sent	80
attention	79
careful	79
sitting	79
word	79
Bullfrog	78
distant	78
hair	78
raised	78
scavenger	78
sense	78
shaking	78
silk	78
steal	78
branches	77
change	77
laughed	77
queen's	77
scavengers	77
vision	77
mountains	76
perfect	76
straight	76
Axolotl	75
enormous	75
entrance	75
it'll	75
looks	75
myself	75
opened	75
RainWing	75
scared	75
show	75
taken	75
wow	75
continent	74
nose	74
paused	74
protested	74
sort	74
study	74
yeah	74
you'd	74
army	73
caves	73
danger	73
happening	73
hers	73
pointing	73
poor	73
sunlight	73
thoughts	73
Undauntable	73
warm	73
yellow	73
baby	72
circle	72
crouched	72
echoed	72
fish	72
Foeslayer	72
lots	72
rain	72
sounded	72
suggested	72
surprise	72
tonight	72
twisted	72
bet	71
certainly	71
clear	71
flicked	71
Heath	71
path	71
picked	71
second	71
softly	71
stuck	71
asleep	70
breathe	70
chain	70
immediately	70
sleeping	70
uh	70
useful	70
wonder	70
completely	69
Darkstalker's	69
hesitated	69
known	69
liked	69
moving	69
normal	69
roared	69
snarled	69
trapped	69
beautiful	68
curled	68
food	68
invisible	68
keeping	68
laugh	68
loved	68
lying	68
prey	68
reach	68
tall	68
amazing	67
clearly	67
empty	67
hoping	67
killing	67
low	67
memories	67
Pyrrhia	67
quietly	67
roar	67
starting	67
touched	67
Whirlpool	67
burning	66
Fathom's	66
hoped	66
ledge	66
missing	66
poison	66
royal	66
space	66
studying	66
Wingwatchers	66
diamond	65
knows	65
managed	65
planning	65
poked	65
powerful	65
problem	65
shape	65
shoulders	65
speak	65
spell	65
yelped	65
bottom	64
burned	64
clouds	64
distance	64
Dune	64
fall	64
gaze	64
he'll	64
leaped	64
led	64
Majesty	64
question	64
besides	63
boring	63
breathing	63
case	63
climbed	63
council	63
darkness	63
decided	63
expected	63
gray	63
horrible	63
line	63
pile	63
Shark	63
spear	63
spotted	63
strong	63
surely	63
surface	63
thick	63
underwater	63
waved	63
we've	63
wrapped	63
buried	62
climb	62
current	62
giving	62
grow	62
huge	62
Lynx	62
MudWings	62
smiled	62
snorted	62
swam	62
tribes	62
using	62
whenever	62
who'd	62
apparently	61
cut	61
heads	61
LeafWing	61
rescue	61
stripes	61
survive	61
sword	61
table	61
underground	61
usually	61
venom	61
direction	60
easy	60
faces	60
helped	60
lit	60
shadows	60
shoved	60
soul	60
Thyme	60
tilted	60
watched	60
wish	60
appeared	59
everywhere	59
fit	59
given	59
Indestructible	59
living	59
obviously	59
pool	59
slid	59
smart	59
stand	59
startled	59
turning	59
yourself	59
call	58
conversation	58
Cricket's	58
ducked	58
eating	58
following	58
harder	58
makes	58
mostly	58
noise	58
pavilion	58
seeing	58
stayed	58
worked	58
arm	57
check	57
Clearsight's	57
crowd	57
group	57
hello	57
hopefully	57
Leaf's	57
listening	57
lived	57
longer	57
muttered	57
smell	57
steps	57
surprised	57
swept	57
thin	57
working	57
books	56
boulder	56
fact	56
flames	56
futures	56
gently	56
heavy	56
legs	56
stab	56
statue	56
totally	56
truth	56
unless	56
vine	56
waterfall	56
worst	56
balcony	55
hall	55
higher	55
interesting	55
learn	55
lord	55
message	55
mine	55
often	55
passed	55
pressed	55
rainforest	55
sit	55
slightly	55
slipped	55
thanks	55
who's	55
wonderful	55
anywhere	54
beyond	54
breathed	54
dragged	54
foot	54
leafspeak	54
middle	54
miss	54
sight	54
training	54
walk	54
wet	54
beat	53
branch	53
center	53
choose	53
entirely	53
fair	53
favorite	53
hatched	53
hate	53
hold	53
land	53
late	53
lose	53
offered	53
person	53
rubbed	53
sapphire	53
seems	53
attacked	52
clever	52
daughter	52
dirt	52
fault	52
golden	52
kingdoms	52
meeting	52
party	52
promised	52
scary	52
sideways	52
silence	52
somehow	52
stick	52
talked	52
window	52
answer	51
carved	51
climbing	51
died	51
during	51
extra	51
flame	51
furious	51
lives	51
Moray	51
odd	51
six	51
size	51
telling	51
we'd	51
wondering	51
enchant	50
farther	50
fix	50
flashed	50
glow	50
guys	50
Lagoon	50
may	50
nearby	50
pleased	50
rising	50
silent	50
themselves	50
throat	50
touch	50
Vigilance	50
eventually	49
gets	49
piece	49
possibly	49
slow	49
summer	49
swimming	49
thinks	49
Wasp's	49
waves	49
brave	48
darted	48
dove	48
glared	48
hurried	48
impossible	48
lightly	48
older	48
orders	48
purple	48
questions	48
seized	48
smaller	48
snakes	48
special	48
studied	48
tails	48
worth	48
apart	47
asking	47
avoid	47
dear	47
fear	47
flat	47
flung	47
fought	47
happens	47
hissing	47
lay	47
missed	47
pine	47
prison	47
reading	47
send	47
sigh	47
spent	47
storm	47
allowed	46
aside	46
chains	46
cool	46
ear	46
eyed	46
figured	46
frowned	46
glad	46
glowing	46
grin	46
hundreds	46
imagined	46
level	46
pink	46
shifted	46
swung	46
tapestry	46
waving	46
bag	45
decide	45
falling	45
house	45
hundred	45
laughing	45
mission	45
order	45
Pantala	45
reaching	45
rolling	45
short	45
shrugged	45
smiling	45
spun	45
survived	45
swooped	45
tongue	45
yell	45
become	44
confused	44
Cranberry	44
dug	44
gift	44
growing	44
grown	44
hit	44
hurry	44
Io	44
knowing	44
language	44
moments	44
monster	44
princess	44
rested	44
squinted	44
stole	44
stomach	44
whipped	44
wingbeats	44
Wingwatcher	44
biggest	43
ceiling	43
comes	43
dare	43
finished	43
fun	43
heat	43
Jerboa	43
nice	43
saved	43
screaming	43
seriously	43
shouting	43
stabbed	43
tears	43
tunnels	43
anger	42
busy	42
carry	42
chin	42
easier	42
excited	42
faster	42
fierce	42
flared	42
gathered	42
glancing	42
Hemlock	42
hunting	42
interjected	42
man	42
needs	42
neither	42
ordered	42
powers	42
prince	42
pushed	42
rage	42
roaring	42
roots	42
rules	42
Scholastic	42
swim	42
ten	42
throw	42
tired	42
uncle	42
usual	42
win	42
absolutely	41
blaze	41
carrying	41
choice	41
couple	41
crazy	41
gasped	41
grass	41
lie	41
safer	41
Sandstorm	41
Starflight's	41
stories	41
stretched	41
touching	41
tower	41
wake	41
wound	41
arrived	40
ate	40
calm	40
canopy	40
cover	40
easily	40
fallen	40
father's	40
forehead	40
forth	40
frog	40
funny	40
glance	40
helpful	40
history	40
horns	40
hungry	40
information	40
itself	40
jump	40
leaning	40
letting	40
lucky	40
minds	40
Mushroom	40
perfectly	40
pet	40
sank	40
saving	40
stuff	40
understood	40
wild	40
break	39
brushed	39
creepy	39
earth	39
explained	39
fiercely	39
minute	39
nervous	39
secrets	39
shrieked	39
smooth	39
stolen	39
Talisman	39
terrified	39
vanished	39
waited	39
walked	39
Willow's	39
Abilities	38
annoying	38
blurted	38
drawing	38
extremely	38
feast	38
filled	38
folded	38
gotten	38
guardians	38
hang	38
hmmm	38
lashed	38
library	38
north	38
opposite	38
pouch	38
prisoner	38
realize	38
roof	38
screamed	38
surrounded	38
terrifying	38
tucked	38
view	38
welcome	38
Wren's	38
admitted	37
animals	37
broken	37
cavern	37
Chrysalis	37
Description	37
dream	37
enchanted	37
ended	37
escaped	37
explain	37
finding	37
Fjord	37
hatching	37
helping	37
interested	37
knocked	37
mom	37
panic	37
plans	37
plus	37
poking	37
queens	37
quick	37
seven	37
shapes	37
sign	37
son	37
tossed	37
ways	37
yanked	37
yelling	37
Allknowing	36
Bryony	36
disappeared	36
flapped	36
frozen	36
furiously	36
general	36
grab	36
grandfather	36
hatchery	36
hearing	36
horizon	36
job	36
lead	36
moonlight	36
narrowed	36
opening	36
pause	36
permission	36
scattered	36
sick	36
staying	36
teacher	36
thousand	36
tipped	36
useless	36
weight	36
young	36
born	35
colors	35
convince	35
crack	35
earring	35
focus	35
fury	35
glass	35
Glory's	35
key	35
lightning	35
nudged	35
peered	35
places	35
return	35
SandWings	35
shaped	35
shrug	35
Sky's	35
slammed	35
soft	35
stars	35
thoughtful	35
underneath	35
walking	35
weapons	35
wearing	35
works	35
actual	34
antidote	34
argued	34
bite	34
box	34
class	34
drop	34
enemies	34
grumbled	34
harness	34
hated	34
heartbeat	34
joy	34
Kestrel's	34
mention	34
movement	34
paper	34
patted	34
pick	34
putting	34
sack	34
safety	34
sisters	34
Snowfall	34
soldier	34
third	34
warn	34
wave	34
weapon	34
whirled	34
age	33
collapsed	33
destroy	33
doorway	33
Fatespeaker	33
forget	33
frantically	33
froze	33
gathering	33
gills	33
glittering	33
hero	33
hid	33
holes	33
hung	33
lined	33
news	33
observed	33
pair	33
paths	33
pearls	33
poisonous	33
prophecies	33
pull	33
relief	33
scrambled	33
searching	33
sending	33
sir	33
soared	33
stronger	33
twice	33
vast	33
act	32
admit	32
awake	32
barked	32
blinking	32
cast	32
dinner	32
faded	32
girl	32
hug	32
luck	32
nest	32
play	32
seer	32
setting	32
skin	32
Smolder	32
sweet	32
villages	32
accidentally	31
believed	31
charge	31
commander	31
Coral's	31
cute	31
drew	31
eight	31
failed	31
firmly	31
guardian	31
idiot	31
interrupted	31
kitchen	31
lashing	31
lunged	31
mother's	31
nearest	31
Raven	31
reminded	31
safely	31
splash	31
sunset	31
suspicious	31
test	31
visit	31
voices	31
according	30
banished	30
beating	30
bunch	30
butterfly	30
cared	30
carried	30
children	30
curious	30
dreams	30
excitement	30
exciting	30
hatch	30
ideas	30
othermind	30
rush	30
slithered	30
squirrel	30
stealing	30
stream	30
Tau	30
taught	30
tentacles	30
trusted	30
turtle	30
Wars	30
wires	30
woven	30
art	29
bones	29
brushing	29
cage	29
closest	29
clutched	29
crossed	29
deadly	29
discovered	29
distracted	29
draw	29
feelings	29
flicking	29
forgotten	29
hanging	29
hot	29
jewel	29
join	29
kinds	29
learned	29
leg	29
lifting	29
likely	29
memory	29
metal	29
names	29
noises	29
objected	29
octopus	29
OK	29
ordinary	29
ow	29
patterns	29
problems	29
recognized	29
risk	29
seaweed	29
settled	29
sharply	29
shiver	29
sides	29
spreading	29
teach	29
they've	29
Trout	29
whoever	29
approached	28
birds	28
blank	28
Blister's	28
chosen	28
crashed	28
edged	28
excellent	28
flickered	28
forced	28
horses	28
loose	28
losing	28
mindspace	28
narrow	28
Pokeweed	28
returned	28
ridiculous	28
rubbing	28
serious	28
silly	28
single	28
south	28
spells	28
spray	28
squeezed	28
super	28
terror	28
thread	28
throwing	28
trap	28
windows	28
accident	27
acting	27
agree	27
ah	27
alarm	27
among	27
Arctic's	27
arguing	27
awesome	27
boulders	27
brilliant	27
broke	27
bubbles	27
coconut	27
coiled	27
desk	27
fingers	27
flapping	27
gap	27
glare	27
grinned	27
guilt	27
halfway	27
Hives	27
hmm	27
kicked	27
marry	27
match	27
million	27
nowhere	27
palm	27
Peril's	27
pulling	27
roll	27
search	27
shining	27
sneak	27
stopping	27
tight	27
timelines	27
warning	27
whisper	27
winced	27
within	27
assassin	26
backward	26
build	26
built	26
business	26
catching	26
clearing	26
cobra	26
Coyote	26
deal	26
desperately	26
dripping	26
emerged	26
eyebrows	26
flashing	26
freezing	26
glaring	26
guilty	26
hardly	26
hi	26
hiss	26
hovering	26
hunt	26
impressive	26
instantly	26
length	26
marble	26
months	26
murder	26
nervously	26
notes	26
obvious	26
particularly	26
playing	26
pressing	26
scale	26
shield	26
shock	26
speaking	26
spend	26
spinning	26
spoke	26
stare	26
suppose	26
tendrils	26
trick	26
tugged	26
twitched	26
Wolfsbane	26
balance	25
border	25
bounced	25
bracelet	25
breakfast	25
colored	25
despite	25
dying	25
edges	25
expressions	25
familiar	25
fixed	25
flash	25
flown	25
Indigo's	25
landing	25
Master	25
mess	25
pounding	25
rule	25
shake	25
sliding	25
sneaking	25
spat	25
stabbing	25
staggered	25
stammered	25
territory	25
thoughtfully	25
thousands	25
trail	25
week	25
whose	25
wood	25
wooden	25
wrinkled	25
write	25
written	25
argue	24
bellowed	24
bowed	24
Brook	24
chimed	24
courtyard	24
creature	24
curiously	24
dry	24
Dusky's	24
exact	24
forked	24
Foxglove's	24
grumpy	24
guy	24
hammock	24
huddled	24
imagining	24
including	24
islands	24
knocking	24
mistake	24
natural	24
page	24
popped	24
present	24
puzzled	24
reader	24
remembering	24
rid	24
rooms	24
Scarlet's	24
scream	24
series	24
share	24
shivering	24
silvery	24
smelled	24
stairs	24
turns	24
underbelly	24
winding	24
worrying	24
ack	23
adorable	23
apprentice	23
attacking	23
aunt	23
awkwardly	23
ball	23
bits	23
bother	23
bringing	23
changed	23
checked	23
columns	23
copyright	23
Cottonmouth's	23
crawled	23
crept	23
daughters	23
deserve	23
dragging	23
dragonmancer	23
dramatic	23
Earwig	23
enemy	23
everybody	23
Gill	23
guarding	23
impatiently	23
Inc	23
jaw	23
jumping	23
locked	23
lower	23
named	23
one's	23
ourselves	23
pay	23
peeked	23
pieces	23
shivered	23
shocked	23
shoving	23
smashed	23
square	23
squeaked	23
Sunny's	23
taller	23
tapped	23
thrilling	23
trailed	23
weaving	23
wore	23
wriggled	23
area	22
bodies	22
bored	22
boy	22
cat	22
cheerfully	22
Cicada	22
clawed	22
cleared	22
clutching	22
copper	22
damp	22
directions	22
earlier	22
early	22
eerie	22
energy	22
floating	22
fulfill	22
gasp	22
goes	22
happily	22
horror	22
ignoring	22
ink	22
involved	22
jagged	22
jaws	22
keeps	22
leader	22
leaping	22
lift	22
listened	22
noticing	22
ours	22
picture	22
pinned	22
platform	22
pond	22
practice	22
punish	22
sling	22
snake	22
snarling	22
spears	22
split	22
stepping	22
sticky	22
tangled	22
thump	22
tip	22
twenty	22
warmth	22
whacked	22
wire	22
wrists	22
yelp	22
anxiously	21
author	21
bared	21
became	21
bell	21
betrayed	21
Blob	21
bow	21
bye	21
captured	21
challenge	21
chasing	21
clambered	21
clawing	21
covering	21
cows	21
creatures	21
difference	21
exchanged	21
families	21
flopped	21
heavily	21
knife	21
levels	21
lines	21
literally	21
lizard's	21
lowered	21
loyal	21
mommy	21
net	21
note	21
nudging	21
paced	21
purpose	21
reasons	21
Reed	21
regular	21
Scorching	21
shuddered	21
slept	21
struggling	21
subjects	21
threat	21
tone	21
Tortoise	21
town	21
trunk	21
tumbled	21
twisting	21
unconscious	21
version	21
vipers	21
volcano	21
Where's	21
wishing	21
woods	21
yours	21
abruptly	20
Anemone's	20
animal	20
announced	20
beginning	20
Blue's	20
central	20
cliffs	20
Crow	20
cry	20
crying	20
darting	20
delighted	20
design	20
draped	20
drops	20
east	20
faint	20
fled	20
flight	20
focused	20
forgot	20
frowning	20
guide	20
heroic	20
huh	20
insects	20
insisted	20
invincible	20
Lionfish	20
miserable	20
mumbled	20
muttering	20
mysterious	20
outer	20
outstretched	20
particular	20
partly	20
pass	20
peering	20
planned	20
poured	20
protecting	20
reef	20
rippled	20
rocky	20
shadow	20
shall	20
shiny	20
singing	20
snow	20
sparkling	20
speed	20
spiral	20
splashed	20
squeak	20
Stone's	20
stretching	20
swamp	20
tea	20
tied	20
timeline	20
traps	20
twined	20
Vermilion	20
Violet's	20
viper	20
wear	20
west	20
Whoa	20
willing	20
wrist	20
ancient	19
assume	19
avoiding	19
basically	19
bed	19
bodyguard	19
brains	19
brightest	19
certain	19
champion	19
circled	19
column	19
Daffodil's	19
dart	19
dreamvisitor	19
facing	19
feels	19
form	19
gardens	19
gather	19
goodness	19
grip	19
guests	19
hugged	19
jabbed	19
killer	19
la	19
men	19
motion	19
nine	19
passing	19
peaks	19
pedestal	19
pitcher	19
pouring	19
pretending	19
rarely	19
resting	19
scowled	19
self	19
shell	19
sinister	19
slay	19
smarter	19
snail	19
somebody	19
sooner	19
sounding	19
sunshine	19
swallowed	19
tapestries	19
terribly	19
thorn	19
towers	19
vengeance	19
warned	19
Wharf	19
wrapping	19
writing	19
ants	18
base	18
bear	18
bigwings	18
blankets	18
blast	18
Bloodworm	18
bolted	18
bowl	18
brothers	18
Cattail	18
checking	18
complicated	18
confusion	18
convinced	18
crush	18
curtains	18
darker	18
deeper	18
diamonds	18
digging	18
doors	18
Dragonslayer's	18
drifted	18
drink	18
eggshell	18
escaping	18
exit	18
fangs	18
fill	18
flicker	18
flowers	18
fluttered	18
freedom	18
friendly	18
fruit	18
grew	18
growl	18
here's	18
hopped	18
hour	18
however	18
hurrying	18
Hvitur	18
instructions	18
keys	18
kids	18
lesson	18
loves	18
Mole	18
month	18
muffled	18
necklace	18
Orca	18
pacing	18
palms	18
press	18
pretend	18
punishment	18
rabbit	18
recognize	18
report	18
ruins	18
scars	18
showed	18
sinking	18
sliced	18
slipping	18
slope	18
smug	18
specific	18
splashing	18
stern	18
sudden	18
summoned	18
takes	18
temple	18
threads	18
thrown	18
uncomfortable	18
unusual	18
upset	18
venomous	18
waste	18
wherever	18
woke	18
won	18
wrote	18
alongside	17
antennae	17
anxious	17
Aquatic	17
attached	17
avoided	17
badly	17
barb	17
basket	17
battlefield	17
beckoned	17
calling	17
camouflage	17
casting	17
cautiously	17
chose	17
circling	17
cluster	17
confusing	17
consequences	17
controlling	17
dagger	17
delicious	17
deserved	17
destroyed	17
disappointed	17
dropping	17
drown	17
everyone's	17
faraway	17
fascinating	17
fed	17
fifty	17
fog	17
forbidden	17
fourth	17
garden	17
giggled	17
glimpse	17
glittered	17
Gorge	17
handed	17
hasn't	17
hill	17
honor	17
houses	17
jewels	17
king	17
lava	17
lazy	17
legend	17
loudly	17
main	17
marks	17
murmured	17
muscles	17
nightmares	17
nope	17
Osprey	17
peaceful	17
poke	17
prove	17
push	17
pushing	17
reaction	17
ring	17
rise	17
sadly	17
scene	17
seeds	17
shhh	17
shore	17
smacked	17
spikes	17
spots	17
stumbled	17
Sweetface	17
tables	17
tear	17
theory	17
tightly	17
tips	17
torches	17
trembling	17
truly	17
upward	17
violent	17
weak	17
weave	17
webbed	17
wrap	17
yesterday	17
add	16
adjusted	16
alarmed	16
armor	16
bars	16
Belladonna's	16
bewildered	16
bush	16
cares	16
castle	16
chaos	16
chase	16
clasped	16
closely	16
closing	16
corners	16
count	16
cracks	16
crown	16
cupped	16
curling	16
curved	16
Deathbringer	16
declared	16
desperate	16
dipped	16
directly	16
drawn	16
drooping	16
earrings	16
eats	16
echoing	16
exist	16
fate	16
fights	16
finish	16
force	16
fur	16
games	16
gate	16
gestured	16
glowed	16
handle	16
hovered	16
icy	16
imaginary	16
instinct	16
jade	16
launched	16
law	16
lies	16
Lily	16
list	16
loomed	16
magical	16
Malachite	16
massive	16
melting	16
mentioned	16
normally	16
oops	16
paintings	16
panicked	16
pathetic	16
patting	16
politely	16
protected	16
Qibli's	16
rescued	16
ride	16
ripped	16
ripple	16
ripples	16
rode	16
ruby	16
ruefully	16
rumors	16
sacrifice	16
scare	16
scratched	16
shifting	16
shimmered	16
shooting	16
shout	16
situation	16
snapping	16
squid	16
stamped	16
swooping	16
towering	16
trip	16
twitching	16
unfair	16
unsettling	16
woman	16
yawned	16
abandoned	15
acted	15
Alliances	15
amused	15
assumed	15
awkward	15
balconies	15
barrier	15
bay	15
belong	15
boss	15
burns	15
charred	15
clean	15
complaining	15
connected	15
conspiracy	15
cracked	15
crawl	15
crawling	15
crouching	15
dad's	15
defense	15
details	15
dome	15
drag	15
emerald	15
emperor	15
equally	15
faintly	15
fellow	15
female	15
Fjord's	15
flinging	15
flower	15
forgive	15
gazed	15
gesture	15
gosh	15
grandmother	15
grateful	15
greatest	15
grinning	15
handsome	15
heading	15
Heath's	15
horribly	15
hourglass	15
howled	15
hugging	15
ignored	15
knees	15
knock	15
leading	15
lessons	15
letters	15
lock	15
looming	15
lovely	15
matching	15
messages	15
minutes	15
moat	15
neatly	15
nonsense	15
nostrils	15
panther	15
patrol	15
peer	15
perched	15
pit	15
plateau	15
position	15
pounced	15
realizing	15
relieved	15
reserved	15
rights	15
root	15
rotten	15
salvation	15
SapWings	15
scattering	15
scraped	15
scraping	15
searched	15
shelter	15
shimmering	15
shoot	15
shove	15
shriek	15
signal	15
snails	15
someone's	15
spine	15
spoken	15
spy	15
stage	15
startling	15
sternly	15
sticking	15
stranger	15
strength	15
sunrise	15
system	15
T	15
that'll	15
thrilled	15
trained	15
traitor	15
treat	15
trial	15
tugging	15
twist	15
violence	15
wiped	15
affectionately	14
allied	14
ally	14
answers	14
Asha	14
attacks	14
bare	14
blame	14
carving	14
classroom	14
communicate	14
currently	14
curve	14
den	14
deserted	14
discover	14
dismissively	14
distract	14
exchange	14
excuse	14
eyeballs	14
feasting	14
feed	14
finger	14
flickering	14
flinched	14
floated	14
frustrated	14
game	14
gazing	14
glances	14
gleaming	14
grimly	14
harmless	14
hauled	14
hilarious	14
indignantly	14
jellyfish	14
jerked	14
joking	14
kid	14
lady	14
lanterns	14
largest	14
looped	14
Manta	14
market	14
matched	14
muddy	14
necks	14
nodding	14
obey	14
painfully	14
painted	14
pictured	14
Piranha	14
plummeted	14
price	14
proudly	14
punished	14
quit	14
response	14
round	14
royalty	14
rude	14
scoffed	14
scooped	14
scorpion	14
similar	14
skeptical	14
skeptically	14
skull	14
sniffed	14
snort	14
song	14
spilled	14
spiraled	14
stomped	14
stretch	14
succeeded	14
swords	14
teachers	14
tilting	14
title	14
torch	14
track	14
trademarks	14
train	14
traveling	14
villagers	14
Vole	14
vote	14
whispers	14
worms	14
younger	14
absorbed	13
agony	13
allies	13
amber	13
apple	13
appreciate	13
argument	13
awe	13
Azalea	13
batted	13
bent	13
betray	13
betrayal	13
bird	13
blocked	13
bolt	13
bounded	13
breaking	13
bushes	13
Cardinal	13
choked	13
choosing	13
chuckled	13
clenched	13
cloak	13
cloud	13
coldly	13
company	13
considering	13
copy	13
cutting	13
decision	13
delight	13
dive	13
droplets	13
duck	13
ducking	13
eels	13
elegant	13
emeralds	13
expecting	13
faith	13
fake	13
filling	13
fireplace	13
flashes	13
frown	13
further	13
gentle	13
geography	13
grabbing	13
Greatness	13
greenhouse	13
guarded	13
happier	13
headed	13
hips	13
hollow	13
hours	13
image	13
impressed	13
innocent	13
insane	13
insect	13
instinctively	13
Jambu	13
joined	13
kitchens	13
lecture	13
lied	13
likes	13
lonely	13
louder	13
lurking	13
monsters	13
moss	13
mystery	13
naturally	13
nests	13
occasionally	13
ominous	13
ooh	13
options	13
pack	13
parts	13
peacefully	13
petrified	13
picking	13
piles	13
plenty	13
practically	13
prayed	13
prefer	13
publisher	13
quest	13
racing	13
refused	13
related	13
ridge	13
rip	13
ruined	13
sap	13
sapphires	13
shelf	13
shrieking	13
shudder	13
silently	13
skidded	13
slashing	13
slide	13
slip	13
smallest	13
squinting	13
stamping	13
swamps	13
swear	13
sweeping	13
Swordtail's	13
tangle	13
tense	13
terrace	13
thumped	13
tough	13
trailing	13
trapdoor	13
tries	13
tsetse	13
unfamiliar	13
visible	13
waking	13
weirdly	13
whisked	13
wipe	13
wounded	13
yuck	13
advice	12
arched	12
attacker	12
bananas	12
blasted	12
blazing	12
blocking	12
brief	12
bury	12
cages	12
camp	12
cannot	12
cauldron	12
cause	12
centuries	12
chained	12
charged	12
chimney	12
clamped	12
coast	12
constantly	12
contents	12
controlled	12
coughed	12
crash	12
cross	12
crowded	12
currents	12
dawn	12
defeat	12
described	12
determined	12
diving	12
dotted	12
doubt	12
dragonet's	12
drooped	12
duty	12
embedded	12
endless	12
evening	12
events	12
existed	12
faced	12
fairly	12
festival	12
figures	12
finds	12
firelight	12
footsteps	12
fourteen	12
gaps	12
gasping	12
grandfather's	12
Grayling	12
grief	12
growling	12
guessing	12
halls	12
heir	12
hint	12
hunched	12
hurting	12
husband	12
hushed	12
ing	12
injured	12
inkwell	12
kicking	12
knowledge	12
Lark	12
Laurel	12
leap	12
Listener's	12
lunch	12
mark	12
marked	12
married	12
marsh	12
massacre	12
meat	12
members	12
midday	12
midnight	12
murmur	12
music	12
nightmare	12
oasis	12
occurred	12
offer	12
otherwise	12
paid	12
partner	12
perch	12
plunged	12
pools	12
pouches	12
proof	12
quieter	12
railing	12
raindrops	12
reflected	12
replace	12
respond	12
responsibility	12
rivers	12
row	12
Rowan's	12
rumor	12
rushed	12
scanning	12
section	12
separated	12
shades	12
sharks	12
shift	12
signaled	12
slippery	12
slithering	12
snoring	12
snuck	12
specifically	12
spiraling	12
sprang	12
squashed	12
stalagmite	12
stalked	12
stillness	12
strongest	12
struck	12
struggled	12
studded	12
stuffed	12
Sutherland	12
swoop	12
talks	12
tie	12
tongues	12
traced	12
tribe's	12
Tui	12
Undauntable's	12
universe	12
vague	12
wandering	12
warmer	12
wash	12
web	12
whispering	12
yawn	12
York	12
adding	11
ankle	11
anytime	11
armies	11
ash	11
ashes	11
audience	11
available	11
Aw	11
backed	11
battles	11
Battlewinner	11
beaming	11
bees	11
blanket	11
bloody	11
blueprint	11
bone	11
bowing	11
brow	11
bug	11
buildings	11
buy	11
caused	11
charging	11
Clearpool	11
club	11
clustered	11
comforting	11
conversations	11
corpse	11
corpses	11
court	11
crashing	11
create	11
crocodile	11
crossing	11
cup	11
damage	11
dance	11
dangerously	11
defenses	11
descended	11
designed	11
despair	11
difficult	11
dig	11
drawings	11
dress	11
dried	11
e	11
evidence	11
fancy	11
flailing	11
flipped	11
footprints	11
formation	11
freeze	11
girls	11
glasses	11
gleamed	11
glorious	11
goat	11
grim	11
groaned	11
gross	11
grumbling	11
happiness	11
highly	11
honey	11
hopeful	11
hopping	11
hurricane	11
inch	11
indeed	11
inhaled	11
instance	11
intently	11
iron	11
jewelry	11
joked	11
leaders	11
lizards	11
menacing	11
messenger	11
mistakes	11
Morrowseer's	11
Murderbasket	11
Nautilus	11
necessary	11
ner	11
Nettle's	11
noble	11
noisy	11
nosy	11
number	11
offended	11
Ooo	11
patch	11
pattern	11
pebbles	11
peek	11
pelted	11
piercing	11
pig	11
pockets	11
possibilities	11
pounded	11
preferred	11
prepared	11
proud	11
publication	11
Pyrrhian	11
ravine	11
reasonable	11
reluctantly	11
respect	11
reveal	11
ribs	11
rings	11
roarble	11
rubies	11
rumbled	11
rushing	11
sandy	11
scarier	11
scratch	11
seats	11
sees	11
sized	11
slayer	11
sly	11
snack	11
snap	11
snatched	11
snouts	11
soaring	11
solid	11
spit	11
strangely	11
strangers	11
summon	11
surged	11
suspect	11
suspiciously	11
swarming	11
tallest	11
tapping	11
team	11
tracing	11
unexpectedly	11
unlike	11
upright	11
vaguely	11
veins	11
vibrations	11
vicious	11
visitors	11
wandered	11
weeks	11
Whiteout's	11
wise	11
worries	11
accept	10
action	10
aha	10
Ang	10
angrily	10
anybody	10
appear	10
approach	10
archway	10
astonished	10
bark	10
begin	10
bestselling	10
blurry	10
bossy	10
brightly	10
bristling	10
brush	10
Bumblebee's	10
bumped	10
Burn's	10
bustling	10
cabinet	10
cauldrons	10
cell	10
challenged	10
changes	10
charming	10
chatting	10
circles	10
clinging	10
colder	10
complain	10
cow	10
crabs	10
crouch	10
Daddy	10
daisy	10
darts	10
deliberately	10
dim	10
disappear	10
doomed	10
doubtfully	10
dreaming	10
drove	10
drowned	10
dust	10
Eagle	10
execute	10
exhausting	10
experience	10
exploded	10
eyeing	10
favor	10
ferocious	10
figuring	10
flare	10
flattened	10
fluttering	10
fortress	10
fully	10
giggles	10
gingerly	10
glacier	10
glee	10
glowworms	10
goats	10
grand	10
grunted	10
hat	10
hates	10
Hazel's	10
heavier	10
highest	10
homes	10
hooked	10
horn	10
horrified	10
hurriedly	10
imagination	10
incredibly	10
inner	10
invented	10
invisibility	10
invited	10
justice	10
kelp	10
kills	10
laid	10
lets	10
logical	10
lump	10
meanwhile	10
melted	10
midair	10
monkeys	10
murmurs	10
n	10
narwhal	10
nobody's	10
obsessed	10
Ochre	10
oddly	10
oldest	10
Oooo	10
option	10
original	10
outline	10
packed	10
Pantalan	10
paranoid	10
patches	10
peak	10
petals	10
pets	10
phosphorescent	10
polished	10
polite	10
possessed	10
practicing	10
prints	10
private	10
puddles	10
Quickdeath	10
raced	10
react	10
reacted	10
regal	10
regarded	10
remind	10
reported	10
reverse	10
rich	10
Riptide's	10
rope	10
ropes	10
ruled	10
rustling	10
s	10
sake	10
salt	10
scent	10
scorched	10
scrabbled	10
scrunched	10
scurried	10
seagull	10
seed	10
servants	10
shallow	10
showing	10
signs	10
simple	10
skills	10
SkyWing's	10
slashed	10
sleepy	10
slime	10
smashing	10
smelling	10
smoothly	10
snowflake	10
snudoo	10
spies	10
spiky	10
spin	10
spires	10
stadium	10
stinger	10
stirred	10
stones	10
stormed	10
strands	10
strangled	10
students	10
sucked	10
sweep	10
swinging	10
teased	10
tells	10
temper	10
tension	10
thrashed	10
thrashing	10
threatening	10
thud	10
tragic	10
traveled	10
treated	10
Truthfinder	10
twelve	10
uncomfortably	10
unfortunately	10
unfriendly	10
unlikely	10
upon	10
weavings	10
whoosh	10
wins	10
wistfully	10
wobbly	10
accepted	9
afternoon	9
anxiety	9
approaching	9
Auklet	9
awestruck	9
awfully	9
azure	9
background	9
bank	9
banked	9
bats	9
becoming	9
billowing	9
bitterly	9
bleeding	9
blend	9
blew	9
blind	9
blindfold	9
blown	9
boiling	9
bothered	9
bound	9
brighter	9
brings	9
bristled	9
bubbling	9
building	9
Bullfrog's	9
canyon	9
capture	9
carvings	9
cascading	9
cheer	9
chilly	9
choices	9
cleaning	9
clusters	9
coils	9
collapse	9
comfortable	9
commanded	9
compared	9
complained	9
concerned	9
considered	9
content	9
courage	9
coward	9
Cowrie	9
crab	9
crackling	9
creeping	9
crimson	9
crushed	9
defend	9
delicate	9
destined	9
distracting	9
drifting	9
eel	9
embarrassed	9
enthusiasm	9
epilogue	9
exhaled	9
expect	9
eyebrow	9
famous	9
feathers	9
fewer	9
fifth	9
final	9
fires	9
flailed	9
flaring	9
flipping	9
fool	9
frantic	9
gash	9
generations	9
ghost	9
gigantic	9
giggling	9
graceful	9
grate	9
greenish	9
growls	9
habitat	9
hairy	9
handing	9
handwriting	9
heal	9
hee	9
height	9
heirs	9
hints	9
honestly	9
hop	9
huffed	9
human's	9
illustrations	9
infect	9
interior	9
introduced	9
jar	9
jolt	9
jutted	9
kidding	9
knelt	9
laughter	9
learning	9
limbs	9
luminescent	9
lungs	9
mango	9
maps	9
marched	9
marshes	9
melt	9
metamorphosis	9
Mike	9
miniature	9
mirrors	9
mixed	9
moon's	9
murders	9
newly	9
nights	9
nudge	9
object	9
objects	9
obsidian	9
okay	9
outrage	9
pages	9
palaces	9
parties	9
patient	9
paws	9
paying	9
percent	9
pillows	9
Pineapple's	9
pinning	9
pity	9
placed	9
plant's	9
PoisonWings	9
potato	9
precious	9
prepare	9
PROLOGUE	9
prompted	9
properly	9
pulse	9
rainbow	9
raise	9
random	9
range	9
rapidly	9
rare	9
reared	9
reassuring	9
regarding	9
registered	9
relaxed	9
revenge	9
riding	9
Rose's	9
rotting	9
rough	9
ruin	9
sadness	9
sang	9
savanna	9
scolded	9
scorch	9
scowling	9
scratches	9
SeaWing's	9
secretly	9
sensed	9
sentence	9
separate	9
Sequoia's	9
sheer	9
shh	9
shone	9
shrieks	9
shush	9
simply	9
sister's	9
skygazing	9
sleepily	9
slice	9
slung	9
smacking	9
smartest	9
smoking	9
snuggled	9
solve	9
someday	9
sore	9
southern	9
spare	9
sped	9
speech	9
spider	9
spirit	9
sprinted	9
squares	9
stalactites	9
starts	9
stomping	9
strode	9
suggestions	9
supply	9
surprising	9
suspected	9
suspicion	9
tangles	9
teaching	9
technically	9
tempted	9
text	9
threatened	9
torn	9
tossing	9
total	9
tracks	9
translucent	9
travelers	9
trembled	9
tricks	9
Trout's	9
trusting	9
turtles	9
twining	9
understanding	9
unhappily	9
unrolled	9
valley	9
violently	9
warrior	9
washed	9
weather	9
whacking	9
whale	9
whooshed	9
widened	9
winging	9
winning	9
worm	9
wounds	9
yikes	9
ached	8
afford	8
afterward	8
ages	8
Ahem	8
alert	8
amount	8
annoyed	8
answering	8
apprentices	8
argh	8
associated	8
backup	8
bags	8
bargain	8
beamed	8
beetle	8
beneath	8
betraying	8
Blaze's	8
blink	8
Boar	8
board	8
bought	8
bounding	8
boxes	8
braver	8
breathlessly	8
breaths	8
briefly	8
bumping	8
Byblis	8
calmly	8
camouflaged	8
carnivorous	8
casually	8
causing	8
ceremony	8
chamber	8
chances	8
channels	8
chased	8
chasm	8
cities	8
citizens	8
clung	8
coins	8
collection	8
command	8
commotion	8
correct	8
corrected	8
courtyards	8
cracking	8
cramped	8
crossly	8
crumpled	8
curving	8
d	8
Dada	8
dangling	8
dared	8
darling	8
dazzling	8
dealing	8
deer	8
delta	8
demand	8
detail	8
differently	8
disgruntled	8
dodging	8
dreamed	8
drive	8
dungeon	8
earliest	8
effect	8
effort	8
enchantment	8
enchantments	8
engineered	8
erupted	8
eternity	8
expert	8
fiery	8
fishing	8
fists	8
flexed	8
flowed	8
formed	8
fountain	8
frustrating	8
frustration	8
fumbled	8
furrowed	8
gems	8
genius	8
glimmer	8
glinted	8
goblet	8
grasp	8
Grove's	8
guest	8
hallucination	8
haunted	8
Hawthorn's	8
headmaster	8
heartbeats	8
hearts	8
helpless	8
hesitantly	8
horse	8
hover	8
hugs	8
hurts	8
idiots	8
ignore	8
imprint	8
imprisoned	8
indignant	8
infected	8
introduce	8
iridescent	8
jabbing	8
jerk	8
labeled	8
Lagoon's	8
lately	8
laws	8
layer	8
layers	8
leather	8
lighting	8
lilies	8
longest	8
m	8
manage	8
mangrove	8
marvelous	8
Mastermind	8
meetings	8
menacingly	8
miles	8
Misbehaver's	8
monkey	8
mothers	8
mound	8
mournfully	8
mouths	8
muddled	8
murmuring	8
mused	8
nod	8
nuts	8
oath	8
olds	8
outraged	8
pace	8
painful	8
peninsula	8
personality	8
pheasant	8
pivoted	8
played	8
pleaded	8
pleasant	8
pointless	8
poised	8
porcupine	8
potential	8
previous	8
prodded	8
produced	8
purplish	8
race	8
radiated	8
raising	8
raked	8
raw	8
reappeared	8
recently	8
reeds	8
release	8
removed	8
reproduced	8
required	8
rescuing	8
restless	8
returning	8
revolution	8
ridged	8
risky	8
robes	8
sacks	8
safest	8
sands	8
SapWing	8
scar	8
scaring	8
schoolhouse	8
scrambling	8
screams	8
Seekers	8
seething	8
sensible	8
sharing	8
Shark's	8
sheep	8
shhhh	8
shielding	8
shop	8
shortly	8
shuffled	8
sing	8
skill	8
skip	8
slick	8
slug	8
smirked	8
solution	8
sometime	8
species	8
spying	8
squeaking	8
squeezing	8
squelch	8
squirmed	8
star	8
steer	8
stem	8
stingers	8
stirring	8
stored	8
strike	8
stumbling	8
superior	8
support	8
surprisingly	8
swallow	8
sweetest	8
sympathy	8
temples	8
tentatively	8
testing	8
thoroughly	8
threats	8
thunder	8
tide	8
tightened	8
tilt	8
tingled	8
tipping	8
tore	8
Tortoise's	8
toxin	8
trails	8
trio	8
triumphantly	8
troop	8
twin	8
Umber	8
underside	8
uneasily	8
uniform	8
unlocked	8
upper	8
vengeful	8
wanting	8
waterfalls	8
wheeled	8
wince	8
wove	8
wrestling	8
wriggling	8
writhing	8
yawning	8
abandon	7
accurate	7
advantage	7
adventure	7
affect	7
aggravating	7
aloft	7
American	7
arranged	7
arrested	7
assigned	7
aura	7
backing	7
band	7
barbed	7
bat	7
beds	7
bejeweled	7
belonged	7
blackened	7
blazed	7
bonfire	7
bouncing	7
brainless	7
breeze	7
Broadway	7
bubbled	7
bucket	7
buf	7
burly	7
c	7
canyons	7
cascade	7
cautious	7
channel	7
chat	7
cheese	7
chill	7
clanking	7
clothes	7
clues	7
coincidence	7
combination	7
common	7
complete	7
confessed	7
confident	7
convenient	7
Conventions	7
corridor	7
coughing	7
cousins	7
cowardly	7
craggy	7
crooked	7
cruel	7
cryptic	7
cure	7
curl	7
curses	7
curtain	7
dancing	7
dearest	7
decidedly	7
decompiled	7
DEDICATION	7
deepest	7
deeply	7
defending	7
defiantly	7
Department	7
descending	7
destroying	7
detailed	7
dirty	7
disbelief	7
dismissed	7
disobeyed	7
dizzy	7
dolphins	7
doubtful	7
downloaded	7
dragonlike	7
dreadful	7
Dune's	7
dungeons	7
edging	7
eh	7
elaborate	7
elders	7
electronic	7
emotions	7
ends	7
epic	7
er	7
expedition	7
explaining	7
explanation	7
explore	7
express	7
extended	7
fade	7
fail	7
failure	7
Falco	7
farthest	7
feeding	7
fence	7
ferns	7
fighter	7
fighters	7
fireproof	7
fist	7
fixing	7
flap	7
fleeing	7
flooded	7
flop	7
flutter	7
formations	7
frankly	7
freak	7
frightened	7
frostbreath	7
gaping	7
gasps	7
generally	7
ghosts	7
goal	7
gripped	7
grouchy	7
helmet	7
heroes	7
hood	7
hooray	7
hopelessly	7
horrifying	7
hostile	7
hybrid	7
ill	7
inching	7
include	7
instincts	7
internal	7
International	7
invade	7
invasion	7
ISBN	7
jerking	7
joke	7
knot	7
landscape	7
lavender	7
legends	7
letter	7
lime	7
links	7
listens	7
logos	7
loop	7
lowest	7
Lynx's	7
mammals	7
marching	7
meaning	7
mechanical	7
member	7
mercy	7
messy	7
midst	7
mighty	7
mildly	7
mischievous	7
mood	7
murdered	7
murderer	7
muscle	7
mystical	7
nasty	7
nature	7
neighbors	7
nerves	7
niece	7
NY	7
offering	7
office	7
other's	7
painting	7
Pan	7
passage	7
passageway	7
patrolling	7
peculiar	7
perimeter	7
Permissions	7
Phil	7
pictures	7
picturing	7
plotting	7
plummeting	7
pocket	7
points	7
pots	7
pounce	7
preparing	7
pretended	7
prickled	7
project	7
promptly	7
Published	7
Publishers	7
puffed	7
pulsed	7
pure	7
rabbits	7
radiating	7
RainWing's	7
recent	7
released	7
releasing	7
remotely	7
research	7
retrieval	7
roars	7
rolls	7
SandWing's	7
sauntered	7
Schley	7
scraps	7
seers	7
shaken	7
shallows	7
shared	7
shorter	7
shred	7
siblings	7
sidle	7
significant	7
SilkWing's	7
Silkworm	7
sketch	7
slamming	7
slaying	7
slowed	7
slumped	7
smash	7
smoky	7
snaked	7
souls	7
speaks	7
spectacles	7
spirals	7
spitting	7
sprawled	7
squash	7
squashing	7
squeeze	7
squelched	7
squirrels	7
stealthy	7
stems	7
sticks	7
storage	7
student	7
subject	7
successful	7
sunlit	7
supplies	7
swiveled	7
talonful	7
tap	7
tentacle	7
tents	7
thorns	7
thorny	7
thrill	7
thudded	7
tick	7
tighter	7
toes	7
toppled	7
toy	7
trade	7
transmitted	7
trash	7
trea	7
tricked	7
triumph	7
troubled	7
tucking	7
tumbling	7
underscales	7
unexpected	7
unhappy	7
unison	7
unpredictable	7
valuable	7
vanishing	7
various	7
vaulted	7
Vigilance's	7
visiting	7
vulnerable	7
warily	7
welcoming	7
wiggled	7
wildly	7
wincing	7
wingless	7
Wingwatcher's	7
wiping	7
withstand	7
woken	7
worshippers	7
wrestled	7
wrinkling	7
yourselves	7
aching	6
acid	6
afar	6
aimed	6
alarming	6
alight	6
allow	6
ankles	6
apologize	6
appearing	6
arc	6
armored	6
arrest	6
arrogant	6
arrrrgh	6
ashore	6
assignment	6
attend	6
backs	6
banishment	6
banks	6
battling	6
beaches	6
beckoning	6
bedtime	6
begun	6
bells	6
bend	6
berry	6
beware	6
billowed	6
bitter	6
blade	6
blow	6
blowgun	6
blur	6
boots	6
bowls	6
bracelets	6
briskly	6
Bryony's	6
bubble	6
bugs	6
bundle	6
bursting	6
bursts	6
burying	6
buzzing	6
captives	6
carcass	6
carpet	6
carve	6
centipedes	6
charades	6
cheek	6
chocolate	6
chortled	6
clapped	6
clapping	6
clock	6
coastline	6
cocoon	6
collapsing	6
comfort	6
commanding	6
connecting	6
consider	6
contained	6
continents	6
controls	6
counting	6
cradled	6
crumbling	6
crushing	6
cursed	6
dappled	6
data	6
date	6
daylight	6
decisions	6
decorated	6
defiant	6
delay	6
dense	6
depths	6
destruction	6
disappointment	6
disapprovingly	6
disgusted	6
disobeying	6
display	6
displeased	6
distraction	6
dizzily	6
double	6
dragonfly	6
drawer	6
driftwood	6
drip	6
driving	6
drowning	6
dunes	6
dusty	6
earshot	6
echo	6
electric	6
embers	6
ending	6
enjoy	6
enormously	6
enter	6
entrances	6
examine	6
exhausted	6
exhaustion	6
expeditions	6
experiments	6
fading	6
fashion	6
fastest	6
fat	6
feathered	6
ferocity	6
flaming	6
flies	6
floors	6
flopping	6
fluffed	6
flurry	6
fold	6
folding	6
foolish	6
forbid	6
forearms	6
foresee	6
forests	6
freaking	6
fright	6
frogs	6
gemstones	6
Gill's	6
gives	6
gleefully	6
glided	6
Glider	6
glimpsed	6
glint	6
glumly	6
gradually	6
grandly	6
grandson	6
greenery	6
grumpily	6
gurgling	6
gust	6
hallway	6
handful	6
hardest	6
harm	6
hatred	6
heap	6
hefted	6
hills	6
hitting	6
hm	6
hopeless	6
hopes	6
hostage	6
hunter	6
hurtled	6
hurtling	6
IceWing's	6
illuminated	6
illuminating	6
imitate	6
immense	6
impatient	6
importantly	6
imposing	6
impression	6
improve	6
impulsive	6
included	6
insist	6
intact	6
intelligence	6
intimidating	6
investigate	6
invulnerable	6
irritated	6
it'd	6
jaguar	6
jeopardy	6
jet	6
judging	6
jutting	6
kick	6
latest	6
leads	6
lectures	6
lighter	6
limping	6
log	6
loom	6
loving	6
loyally	6
luckily	6
madness	6
magically	6
magnificent	6
Mandrake's	6
mass	6
math	6
matters	6
medallion	6
meh	6
menace	6
mid	6
minders	6
mirror	6
misunderstood	6
moms	6
Monarch	6
moonborn	6
moonstone	6
moonstones	6
mounds	6
mouse	6
movements	6
mulch	6
multiple	6
murdering	6
mushrooms	6
nap	6
narrowing	6
needles	6
nightfall	6
nor	6
nut	6
observation	6
offense	6
official	6
ominously	6
oof	6
opponent	6
orchid	6
ouch	6
outcropping	6
overlooking	6
paddled	6
paddling	6
panicking	6
pattered	6
pausing	6
peeking	6
pellets	6
piped	6
pitched	6
planted	6
plates	6
pointy	6
pop	6
positions	6
possibility	6
pot	6
precisely	6
prehensile	6
pricked	6
prickly	6
projects	6
promising	6
protection	6
puddle	6
pulsing	6
raining	6
rattling	6
rays	6
readers	6
reassuringly	6
reflecting	6
repeated	6
resist	6
result	6
ridges	6
ripping	6
rippling	6
risked	6
risking	6
rival	6
riverbank	6
rueful	6
ruff	6
rumbling	6
sacrificed	6
sappy	6
satisfied	6
satisfying	6
scornful	6
scorpions	6
scout	6
scouts	6
scowl	6
scrap	6
scratching	6
scrawny	6
seagulls	6
seek	6
selfish	6
settling	6
shredding	6
shyly	6
significantly	6
skies	6
skipped	6
slam	6
slicing	6
slight	6
smells	6
snacks	6
snarl	6
sob	6
solitary	6
sons	6
soup	6
sparkly	6
spilling	6
spines	6
splendor	6
squishing	6
staggering	6
starving	6
state	6
statue's	6
steady	6
steep	6
stinging	6
stops	6
strangler	6
streets	6
stripe	6
stroked	6
strutted	6
suggestion	6
swarm	6
swerved	6
swift	6
switch	6
sympathetic	6
sympathetically	6
talented	6
talonprints	6
tantrum	6
teasing	6
temperature	6
temperatures	6
tended	6
thumping	6
toothy	6
torchlight	6
toss	6
tracking	6
tramp	6
treestuff	6
trickling	6
tricky	6
troops	6
tunic	6
twig	6
twigs	6
unfolded	6
unfortunate	6
united	6
ups	6
uses	6
vanish	6
veered	6
vegetables	6
vibe	6
visited	6
vous	6
waded	6
warriors	6
weed	6
western	6
whining	6
wicked	6
wider	6
winged	6
wool	6
wrappings	6
wrestle	6
wriggle	6
wristbands	6
yay	6
zombie	6
absolute	5
adjust	5
adjusting	5
adored	5
advance	5
advanced	5
agreeable	5
Albatross's	5
algae	5
alliance	5
amended	5
amusement	5
anaconda	5
angle	5
angrier	5
announcing	5
annoy	5
anyhow	5
anyone's	5
aquamarine	5
arguments	5
arresting	5
arrival	5
arrive	5
arriving	5
arrowed	5
astonishment	5
attract	5
author's	5
authority	5
Aww	5
b	5
babies	5
banged	5
baskets	5
beard	5
bedraggled	5
behaved	5
beloved	5
belt	5
bending	5
bindings	5
biting	5
blah	5
blasting	5
Blech	5
blinding	5
blobby	5
block	5
blurred	5
bobcat	5
bonked	5
bore	5
borrowed	5
boyfriend	5
boys	5
branching	5
bridge	5
bumps	5
butterflies	5
cactus	5
cake	5
calmer	5
camel	5
candles	5
careless	5
cascaded	5
catches	5
ceilings	5
cells	5
changing	5
characters	5
chattering	5
cheerful	5
cheering	5
chills	5
chirping	5
choking	5
churning	5
cinnamon	5
circular	5
clasping	5
clattering	5
clicked	5
clicking	5
cloth	5
clue	5
clutches	5
coconuts	5
coincidental	5
collided	5
com	5
combat	5
comet	5
comments	5
communicating	5
concentrate	5
confidently	5
confirmed	5
Congress	5
connect	5
consciousness	5
constant	5
construction	5
continued	5
contraption	5
contributing	5
convincing	5
cord	5
couches	5
cousin	5
covers	5
crackled	5
cradling	5
croaked	5
cuff	5
curiosity	5
curse	5
dads	5
dandelion	5
dangers	5
decent	5
defeated	5
develop	5
development	5
dies	5
disappointing	5
disaster	5
disbelieving	5
discarded	5
discuss	5
disgust	5
disliked	5
disobedient	5
dissolve	5
distress	5
dodge	5
dogs	5
dragonmancer's	5
dreamily	5
dripped	5
driven	5
droop	5
due	5
dumb	5
dumped	5
dusted	5
dyed	5
eagerly	5
echoes	5
emotion	5
emptied	5
encampment	5
enchanting	5
encountered	5
entertainment	5
enthusiastically	5
entitled	5
Erin	5
erupting	5
establishments	5
everything's	5
ew	5
examining	5
exasperated	5
executed	5
execution	5
experiment	5
explode	5
exploding	5
extraordinary	5
f	5
failing	5
fears	5
features	5
fern	5
fiction	5
fictitiously	5
fidgeted	5
Fierceteeth	5
filtered	5
fireworks	5
fits	5
flammable	5
flexing	5
flinching	5
fluffy	5
Foeslayer's	5
foliage	5
forces	5
forcing	5
fort	5
fragments	5
freed	5
freeing	5
fresh	5
fuss	5
fuzzy	5
gallop	5
gardeners	5
glistening	5
goose	5
Grandeur	5
grasshopper	5
grimace	5
gritted	5
grows	5
guesses	5
Gullet	5
gurgled	5
habit	5
hatches	5
hating	5
healing	5
heaved	5
heck	5
helplessly	5
hereafter	5
hesitate	5
hilariously	5
Horizon's	5
hummed	5
hunger	5
hunters	5
hurled	5
icicle	5
icicles	5
ideally	5
imitating	5
imitation	5
immune	5
impress	5
inched	5
incidents	5
incoming	5
inevitable	5
injuries	5
innocently	5
inspected	5
inspection	5
intelligent	5
intended	5
interest	5
interrupt	5
joining	5
Kinkajou	5
knobbly	5
lab	5
labyrinth	5
laced	5
ladder	5
lair	5
lamps	5
lap	5
larger	5
lasted	5
leafy	5
legendary	5
liars	5
licking	5
lifetime	5
lights	5
limp	5
liquid	5
locales	5
location	5
loops	5
lord's	5
loses	5
lowering	5
loyalty	5
lumps	5
lunging	5
lurched	5
mahogany	5
mail	5
majestic	5
male	5
Massachusetts	5
mattered	5
meal	5
memorize	5
Menagerie	5
mental	5
mentioning	5
metaphor	5
missions	5
mist	5
model	5
money	5
mosaic	5
mouthful	5
murderous	5
musicians	5
muster	5
myth	5
nicely	5
nicer	5
nighttime	5
noses	5
noted	5
obedient	5
online	5
ooooo	5
ordering	5
organize	5
organized	5
outskirts	5
overwhelmed	5
padded	5
paint	5
panted	5
panting	5
pants	5
patience	5
patiently	5
patrols	5
pellet	5
pelting	5
persons	5
Pfft	5
piled	5
pinkish	5
pitch	5
planting	5
plate	5
platters	5
pleasantly	5
plucked	5
plunging	5
pods	5
pointedly	5
poisoned	5
poorly	5
portrait	5
potatoes	5
potentially	5
pouncing	5
practiced	5
predicted	5
presence	5
prettier	5
pride	5
pried	5
printing	5
product	5
proper	5
protest	5
prowling	5
puff	5
punched	5
purred	5
qualities	5
rang	5
rank	5
rattled	5
ravines	5
reality	5
realizes	5
rear	5
reasonably	5
reassured	5
recall	5
recruits	5
register	5
remains	5
remarkably	5
resemblance	5
resigned	5
responded	5
retrieve	5
revealing	5
ruining	5
runs	5
rust	5
Sanctuary	5
Sandstorm's	5
scanned	5
schedule	5
science	5
scientifically	5
scorpion's	5
scouting	5
scramble	5
scrape	5
scuffling	5
scurrying	5
seated	5
seawater	5
seconds	5
sections	5
sensation	5
session	5
settle	5
severed	5
shame	5
shards	5
sharper	5
shimmer	5
shocking	5
shores	5
shuffling	5
shy	5
silhouette	5
skinny	5
skins	5
slash	5
sleek	5
slightest	5
slither	5
slower	5
smiles	5
smithy	5
smoothed	5
smothered	5
smugglers	5
snake's	5
sniff	5
soaked	5
sold	5
sorting	5
soulmate	5
spark	5
sparks	5
speckled	5
spending	5
spiny	5
splendid	5
sprouted	5
sputtered	5
squirming	5
squished	5
stalking	5
stands	5
stationed	5
statues	5
stays	5
storming	5
strained	5
strand	5
strangest	5
straw	5
strict	5
string	5
stroking	5
stroll	5
structure	5
stubborn	5
stubbornly	5
stump	5
subdued	5
supporting	5
supposedly	5
symbols	5
tablet	5
tales	5
tangerine	5
tangling	5
taste	5
tasted	5
tasting	5
tearing	5
teenager	5
telescope	5
tempered	5
tensed	5
thicket	5
thieves	5
threaten	5
threateningly	5
thrice	5
thrust	5
till	5
touches	5
translate	5
travel	5
treachery	5
treason	5
treasury	5
treetops	5
trilogy	5
trod	5
Tui's	5
tuibooks	5
twinge	5
ugh	5
unblinking	5
undergrowth	5
unfurled	5
uninterested	5
unknown	5
unmistakably	5
unnecessary	5
unseen	5
upside	5
USA	5
utterly	5
viciously	5
vigorously	5
volunteered	5
vously	5
walruses	5
wander	5
wary	5
waterwheels	5
websites	5
weirder	5
whip	5
whistling	5
whom	5
whooshing	5
wickedly	5
wiggle	5
wiggling	5
winked	5
withering	5
wobbled	5
worthy	5
wrath	5
wretched	5
writhed	5
wry	5
wryly	5
www	5
yank	5
yanking	5
yim	5
youngest	5
Yup	5
zero	5
zigzagged	5
abandoning	4
ablaze	4
absorb	4
accomplished	4
accused	4
activity	4
adventures	4
affection	4
Agate	4
agonized	4
alley	4
aloud	4
alternate	4
anemones	4
ant	4
apologetically	4
approve	4
aquariums	4
Arrgh	4
arrows	4
asks	4
assess	4
assured	4
atone	4
atop	4
attackers	4
automatically	4
average	4
aware	4
Axolotl's	4
balancing	4
bandage	4
bands	4
bar	4
barracks	4
based	4
basic	4
battered	4
battled	4
beads	4
bedroom	4
beebuf	4
beg	4
begged	4
behavior	4
belly	4
bench	4
berries	4
birdcage	4
bitten	4
blackness	4
Bleh	4
blindly	4
blissfully	4
blowing	4
blueberry	4
bluish	4
blundered	4
bonkers	4
booming	4
boot	4
bows	4
brace	4
braced	4
branched	4
brandished	4
brandishing	4
brat	4
bread	4
brother's	4
bruises	4
brusquely	4
buffet	4
bump	4
bundled	4
burnt	4
burrowed	4
burrowing	4
cabinets	4
calmed	4
Camellia	4
captive	4
Carabid	4
carrots	4
castles	4
Cataloging	4
caterpillars	4
cats	4
celebrate	4
celebrating	4
cellar	4
century	4
character	4
charm	4
chatter	4
cheating	4
chewing	4
child	4
chilling	4
chirped	4
choke	4
chokecherry	4
churned	4
chute	4
clamshell	4
clarified	4
classrooms	4
clattered	4
clumps	4
clutch	4
cocked	4
code	4
coil	4
collect	4
collected	4
colony	4
colorful	4
coloring	4
commented	4
companions	4
competition	4
concentrated	4
concentrating	4
concern	4
consult	4
consumed	4
contact	4
contain	4
continue	4
cooed	4
counts	4
Coyote's	4
Crane	4
craned	4
creaking	4
creaky	4
created	4
credit	4
creepiest	4
crescent	4
crevice	4
crinkled	4
crowed	4
crows	4
crumble	4
crushes	4
crystals	4
cuddly	4
cycle	4
da	4
daggers	4
daze	4
dazzled	4
decides	4
declarations	4
defective	4
definite	4
deflated	4
delivered	4
dens	4
dent	4
depended	4
depending	4
describe	4
deserves	4
devastated	4
diary	4
differences	4
dignified	4
diplomacy	4
diplomatic	4
dipping	4
disagreed	4
discovery	4
discussing	4
dismayed	4
disobey	4
disoriented	4
dissolved	4
distinctly	4
dizzying	4
dodged	4
dolphin	4
doom	4
dot	4
doubted	4
drama	4
dramatically	4
dread	4
drenched	4
dressed	4
drinking	4
drinks	4
drugged	4
dull	4
dusk	4
earthquake	4
Earwig's	4
Eclipse	4
eep	4
eighty	4
elbows	4
embarrassing	4
ember	4
emergency	4
emperor's	4
empire	4
empress	4
endangered	4
enjoying	4
equal	4
eruption	4
essentially	4
examined	4
example	4
exams	4
exhale	4
existence	4
expand	4
expanse	4
exposed	4
extinct	4
fabric	4
facts	4
fairy	4
faking	4
falls	4
false	4
family's	4
fantastic	4
fascinated	4
favorites	4
feared	4
feather	4
feathery	4
feeble	4
ferociously	4
fervently	4
fiber	4
fiddled	4
field	4
filtering	4
firefly	4
fitted	4
flee	4
flick	4
fliers	4
flinch	4
flip	4
flooding	4
floundered	4
focusing	4
fond	4
forearm	4
foresight	4
forty	4
furniture	4
furry	4
galloped	4
gentleness	4
genuinely	4
gestures	4
girlfriend	4
gladiator	4
gleam	4
gliding	4
glistened	4
glitter	4
gloomy	4
gloves	4
goo	4
goons	4
grains	4
grave	4
greenhouses	4
gripping	4
groan	4
grooves	4
groups	4
grunt	4
hallucinating	4
halo	4
hapless	4
hats	4
haunches	4
haunt	4
hawks	4
healers	4
heartbroken	4
helps	4
herring	4
hibiscus	4
hides	4
hire	4
hired	4
HiveWing's	4
hollering	4
homework	4
hoop	4
hosts	4
hubbub	4
Humpback	4
hut	4
Hvitur's	4
ignorant	4
images	4
immortal	4
impenetrable	4
imperiously	4
impossibly	4
Inchworm	4
inclined	4
incredible	4
indicate	4
indicating	4
infinitely	4
informed	4
inherited	4
inject	4
insides	4
inspecting	4
instant	4
instructed	4
intense	4
intensified	4
intruders	4
invitation	4
invite	4
involving	4
invulnerability	4
irritating	4
itch	4
jail	4
jealousy	4
Jerboa's	4
jokes	4
journey	4
judgmental	4
jumbo	4
justified	4
Katydid	4
kindly	4
kitten	4
knives	4
lame	4
lash	4
lean	4
lectured	4
ledges	4
leftovers	4
lemons	4
lever	4
liar	4
lingered	4
link	4
listless	4
littlest	4
loaded	4
locks	4
logs	4
lolled	4
lone	4
lorp	4
loss	4
lovable	4
lumpy	4
lunatic	4
lurch	4
makeshift	4
malevolent	4
Mantis	4
marbles	4
marriage	4
mask	4
massively	4
mauled	4
mechanism	4
melodramatic	4
messed	4
messengers	4
mice	4
milk	4
milling	4
mindless	4
miracle	4
momentum	4
moonlit	4
morpho	4
mounted	4
mumbo	4
murderers	4
museum	4
mustn't	4
mutinously	4
mysteries	4
narrowly	4
neat	4
necklaces	4
nestled	4
NightWing's	4
nonstop	4
northwest	4
obnoxious	4
Ocelot	4
offending	4
officially	4
oil	4
oily	4
oozing	4
opinion	4
oranges	4
outcroppings	4
outdoor	4
outnumbered	4
outpost	4
overheard	4
overlapping	4
overlook	4
overlooked	4
owner	4
p	4
padlock	4
pairs	4
paradise	4
paralyzed	4
parchment	4
pardon	4
parent	4
patter	4
pavilions	4
peach	4
peaches	4
peeled	4
peeling	4
pillars	4
pillow	4
pin	4
pitying	4
plague	4
plain	4
plaintively	4
planet	4
plastered	4
plaza	4
Pokeweed's	4
pompous	4
ponytail	4
post	4
pour	4
predict	4
presents	4
princesses	4
print	4
prodding	4
produce	4
progress	4
propped	4
protective	4
protectively	4
puzzle	4
Pyrrhia's	4
quarter	4
quicksand	4
quietest	4
rainy	4
rarest	4
reassure	4
rebellion	4
recommend	4
recover	4
reeling	4
reflection	4
refuse	4
regret	4
relationship	4
remaining	4
reminding	4
replaced	4
require	4
resentment	4
resources	4
respected	4
responsible	4
retorted	4
ridden	4
ringing	4
rivals	4
riveted	4
roasted	4
roughly	4
route	4
ruffled	4
rugs	4
rumble	4
rustled	4
sarcastic	4
satisfaction	4
savior	4
saviors	4
scariest	4
scarred	4
scenes	4
schools	4
scientific	4
scooted	4
scrunching	4
seal	4
searing	4
season	4
seasons	4
seedlings	4
seize	4
semicircle	4
senses	4
sensing	4
served	4
sessions	4
sets	4
shade	4
shattered	4
shattering	4
shells	4
sheltered	4
shower	4
shredded	4
shrimp	4
shriveled	4
sidled	4
signals	4
silliness	4
sink	4
sixteen	4
sizzling	4
slices	4
slimy	4
slowing	4
smack	4
smothering	4
smush	4
snagged	4
sneeze	4
sniffing	4
Snowfall's	4
Snowfox	4
soar	4
softer	4
songs	4
sora	4
source	4
spattered	4
specially	4
speeding	4
spiders	4
spiderweb	4
splashes	4
spoiled	4
spoon	4
spraying	4
spurt	4
squadron	4
stabby	4
stacked	4
stained	4
stains	4
stalactite	4
stalagmites	4
stalk	4
stalls	4
starbursts	4
starfish	4
station	4
stealthily	4
steam	4
steel	4
stoutly	4
strangle	4
strangling	4
straps	4
streaks	4
street	4
stress	4
stressful	4
striding	4
striking	4
strip	4
striped	4
strolling	4
struggle	4
stunned	4
submerged	4
subtle	4
subzero	4
succession	4
suffer	4
sugar	4
suggesting	4
suicide	4
sulkily	4
sundews	4
superstitions	4
surge	4
surging	4
surrounding	4
surroundings	4
survival	4
surviving	4
suspects	4
swarmed	4
sweetheart	4
swimmers	4
swirl	4
swirling	4
switched	4
tadpole	4
target	4
task	4
teenagers	4
tend	4
tendril	4
terrific	4
tested	4
tests	4
theirs	4
thicker	4
thief	4
thinner	4
thirteen	4
thirty	4
throughout	4
tighten	4
tiles	4
tiniest	4
toddler	4
torture	4
torturing	4
towered	4
toxic	4
toys	4
trapping	4
trickled	4
tripped	4
tripping	4
trusts	4
trustworthy	4
truthfully	4
tsk	4
tuck	4
turquoise	4
unclipped	4
uncoiled	4
underbellies	4
underfoot	4
uneasy	4
unguarded	4
unhelpful	4
unmistakable	4
unnatural	4
unnoticed	4
unpleasant	4
unrolling	4
unsibs	4
unspoken	4
unstable	4
upsetting	4
urchin	4
urge	4
uselessly	4
utter	4
variety	4
volunteer	4
volunteering	4
wading	4
wailed	4
walrus	4
warbled	4
warring	4
wasted	4
wavered	4
wavering	4
wealthy	4
Webs's	4
wedged	4
weighing	4
whatever's	4
whined	4
whipping	4
Whitespeck	4
windowsill	4
wingbeat	4
winter	4
wisdom	4
wisely	4
wistful	4
wobbling	4
worriedly	4
wrenched	4
writer	4
Yeesh	4
Yellowjacket	4
yesss	4
ability	3
absently	3
absurd	3
accent	3
accessory	3
accompany	3
accomplishing	3
accusing	3
address	3
adore	3
adult	3
adulthood	3
advantages	3
advisors	3
aggravated	3
aggressive	3
agreeably	3
agreement	3
agrees	3
aim	3
aiming	3
ajar	3
Allknowing's	3
allying	3
amazed	3
ancestors	3
anchored	3
anvil	3
apiece	3
appearance	3
appease	3
appraising	3
Appreciation	3
approving	3
Arbutus	3
arch	3
arches	3
arching	3
arcs	3
arrests	3
arrives	3
artwork	3
askew	3
assassination	3
assassins	3
assessing	3
astonishing	3
aunts	3
avalanche	3
avidly	3
awaits	3
awhile	3
awoke	3
balanced	3
ballroom	3
banana	3
banish	3
banishments	3
banquet	3
barbarians	3
barreled	3
bath	3
batting	3
beans	3
bears	3
beautifully	3
beemish	3
beetles	3
befuddled	3
behave	3
belief	3
believing	3
bellowing	3
benefit	3
bewilderment	3
bites	3
bladderworts	3
blasts	3
blindfolded	3
blistering	3
bloodshed	3
blotted	3
blowguns	3
Bluebell	3
bluer	3
blunt	3
boiled	3
bonus	3
bookshelf	3
boomed	3
bossing	3
bothering	3
brand	3
brats	3
bravest	3
breeding	3
brightness	3
Brook's	3
broom	3
brutal	3
buckets	3
buffeted	3
bulk	3
bulky	3
bullying	3
bungalow	3
burbled	3
burbling	3
bustled	3
butt	3
butter	3
buzzed	3
cacophony	3
calculating	3
calls	3
calming	3
calms	3
camped	3
campfires	3
candlelight	3
candy	3
capable	3
capybara	3
carelessly	3
cargo	3
caring	3
carpets	3
carrot	3
casualties	3
category	3
caterpillar	3
caution	3
cavernous	3
challenging	3
Champion's	3
charcoal	3
charges	3
chart	3
chefs	3
chickens	3
chipmunks	3
chipped	3
chop	3
chuckle	3
cider	3
Cinnabar	3
claim	3
classes	3
clatter	3
clearer	3
cliffside	3
cloaks	3
Clorinde	3
closet	3
clothing	3
cloudless	3
clump	3
clumsy	3
cluttered	3
coals	3
cobalt	3
cobwebs	3
combined	3
comic	3
commands	3
committee	3
comparing	3
complex	3
concept	3
concerns	3
conch	3
condition	3
conditions	3
cone	3
connection	3
conspiracies	3
conspiring	3
constellations	3
contentedly	3
Continues	3
contrary	3
conversationally	3
cooking	3
copies	3
copying	3
correctly	3
corridors	3
couch	3
counted	3
counter	3
cowered	3
crafted	3
creased	3
creative	3
creeps	3
cries	3
crime	3
crisscrossing	3
criticism	3
cruelty	3
crumbs	3
crunched	3
crusted	3
cuddle	3
cuddling	3
cunning	3
cups	3
curls	3
curves	3
cuter	3
cutest	3
cuts	3
danced	3
daring	3
darkly	3
dashed	3
daughter's	3
dazed	3
de	3
deadliest	3
deaf	3
dealt	3
debris	3
deftly	3
delayed	3
delightedly	3
delightful	3
deliver	3
delusional	3
demands	3
depends	3
depressed	3
detached	3
determination	3
devastation	3
devoted	3
devour	3
di	3
Diamond's	3
difficulty	3
dip	3
disappearing	3
disapproval	3
disapproving	3
dish	3
dismay	3
dismissive	3
disobedience	3
divided	3
dividing	3
dog	3
doorways	3
dopey	3
dormitory	3
dots	3
doubts	3
downpour	3
dozen	3
dragonbite	3
drape	3
dreamy	3
drift	3
drippy	3
dumbest	3
eased	3
eddies	3
eddy	3
edict	3
effects	3
elbowing	3
elderly	3
elegantly	3
else's	3
elsewhere	3
emerging	3
empathy	3
empires	3
enclosed	3
ensnare	3
entered	3
entering	3
entertaining	3
entwined	3
enveloped	3
erupt	3
evacuation	3
evidently	3
exaggerated	3
exasperation	3
exceptionally	3
excitedly	3
exits	3
expanding	3
expects	3
extend	3
extending	3
facial	3
factly	3
faltered	3
faltering	3
fan	3
fanned	3
fans	3
farewell	3
fetch	3
fianc	3
fidgeting	3
Fierceclaws	3
film	3
fingertips	3
firewood	3
fitting	3
fizzing	3
flail	3
flamesilks	3
flatly	3
flecked	3
flecks	3
flex	3
flier	3
flights	3
flimsy	3
fling	3
flippy	3
flitting	3
float	3
floundering	3
flourish	3
fluff	3
folds	3
folks	3
forgiven	3
forgiving	3
fours	3
fragile	3
frequent	3
friendship	3
frill	3
fronds	3
fulfilled	3
fulfilling	3
furnished	3
galloping	3
galumphing	3
gatherings	3
gaunt	3
gem	3
genocide	3
gesturing	3
ginger	3
glimmered	3
globes	3
gloomily	3
glowered	3
glowering	3
Glowworm	3
goggled	3
goofy	3
goop	3
goopy	3
gracefully	3
Grandma	3
grappled	3
grasshoppers	3
gratitude	3
Grayling's	3
greet	3
greeting	3
grimaced	3
gruesome	3
guarantee	3
guaranteed	3
guard's	3
guided	3
hairs	3
halt	3
hammering	3
hammocks	3
happiest	3
hatchling	3
hateful	3
haul	3
hazardous	3
haze	3
headache	3
heartbreaking	3
heave	3
heebie	3
helmets	3
helpfully	3
herbs	3
herded	3
hermit	3
heroically	3
hideous	3
hillside	3
hinged	3
hinted	3
hip	3
hippo	3
Hmph	3
hollowed	3
Holly	3
Holy	3
honest	3
honored	3
hostages	3
howling	3
huddle	3
huffing	3
humor	3
hundredth	3
hush	3
husks	3
hypothetically	3
I'mma	3
immediate	3
immortality	3
implied	3
impulse	3
inclining	3
includes	3
incomplete	3
inhabitants	3
inhaling	3
injected	3
inkwells	3
inlaid	3
inscribed	3
inscrutable	3
insisting	3
instinctive	3
insufferable	3
insulting	3
intent	3
intention	3
intentions	3
internally	3
intertwined	3
intervened	3
introduction	3
investigating	3
invisibly	3
involve	3
ironic	3
ish	3
jab	3
jarring	3
jars	3
jasmine	3
jealous	3
jerks	3
jets	3
jittery	3
jubilee	3
judgment	3
kidnapped	3
kingdom's	3
kneel	3
knuckles	3
lakes	3
lamp	3
lantern	3
lapping	3
lazily	3
LeafWing's	3
leash	3
lecturing	3
lengths	3
librarian	3
lid	3
lineage	3
lips	3
listing	3
loft	3
loftily	3
loneliness	3
looms	3
looping	3
lopsided	3
loudmouth	3
lounging	3
lowly	3
lunge	3
macadamia	3
maddening	3
magicked	3
mainland	3
majestically	3
Majesty's	3
malevolently	3
malicious	3
managing	3
manchineel	3
manchineels	3
mandatory	3
maneuvers	3
mangled	3
manipulative	3
mannered	3
manners	3
materialized	3
materializing	3
meaner	3
measuring	3
meets	3
mentally	3
merely	3
messing	3
metallic	3
midmorning	3
mild	3
minor	3
miserably	3
misery	3
misshapen	3
Mmmm	3
mob	3
mock	3
mocking	3
momentarily	3
Moorhen	3
Moreover	3
morose	3
Morrowwatcher	3
mossy	3
motionless	3
mournful	3
mourning	3
muffling	3
munching	3
Mushroom's	3
mushy	3
musty	3
muted	3
mystifying	3
nastily	3
ne	3
negotiations	3
nets	3
newest	3
niche	3
noisier	3
nonthreatening	3
nooooo	3
nothingness	3
noting	3
numbers	3
O	3
obediently	3
obelisk	3
obsession	3
occasional	3
occur	3
oceans	3
odds	3
Ohhhh	3
onward	3
onyx	3
Oooh	3
Oooooo	3
ooze	3
oozed	3
opals	3
openly	3
opinions	3
opportunity	3
Orca's	3
organizing	3
Osprey's	3
outcomes	3
outlined	3
outsiders	3
outward	3
oval	3
overbalanced	3
overgrown	3
oversized	3
overstuffed	3
overwhelming	3
owned	3
packing	3
paler	3
palest	3
pallet	3
panther's	3
papers	3
parade	3
pat	3
paw	3
pebbly	3
pen	3
performance	3
personal	3
personally	3
Petal	3
Pffft	3
philosophy	3
physical	3
piling	3
pitiful	3
placidly	3
playground	3
playthings	3
plot	3
plowed	3
PoisonWing	3
popping	3
popular	3
porch	3
posted	3
powered	3
powerless	3
predator	3
predictions	3
presumably	3
prevent	3
prickling	3
priority	3
prisons	3
proclaimed	3
program	3
prone	3
protectors	3
psychotic	3
public	3
pummeled	3
punishing	3
puny	3
puppet	3
puppets	3
puts	3
puzzlement	3
Quartz	3
questioning	3
Quickdeath's	3
races	3
rack	3
racked	3
ragged	3
rained	3
ranked	3
ranks	3
re	3
reaches	3
recess	3
reckless	3
recognizing	3
record	3
recovered	3
reefs	3
refuge	3
refugees	3
regretted	3
reins	3
relative	3
relax	3
remained	3
reminds	3
remove	3
replacement	3
represented	3
reptiles	3
reputation	3
request	3
requested	3
rescues	3
resettling	3
resisting	3
respectful	3
responding	3
restock	3
retreated	3
revealed	3
reverently	3
rhythm	3
ribbons	3
riddance	3
rim	3
rioting	3
ritual	3
road	3
roargle	3
rocking	3
role	3
romantic	3
Roridulas	3
roses	3
rot	3
routes	3
rows	3
rubbery	3
ruler	3
rusty	3
sacred	3
salad	3
salamander	3
sarcasm	3
sauntering	3
Scarab	3
scarf	3
scatter	3
scavenger's	3
scents	3
scientists	3
scoff	3
scoffing	3
scooping	3
scored	3
scrabbling	3
screen	3
scribbled	3
sculptures	3
scuttling	3
secure	3
seizing	3
sell	3
sends	3
serenely	3
serpentine	3
serve	3
shaded	3
Shadowhunter	3
shadowy	3
shaggy	3
shaky	3
sharpest	3
shed	3
sheepishly	3
shelves	3
shimmied	3
shine	3
shirt	3
shocks	3
shouts	3
shown	3
shrank	3
shreds	3
shrubs	3
silky	3
simplest	3
sizzled	3
skeleton	3
sketching	3
skidding	3
skilled	3
skipping	3
skittering	3
slanting	3
slate	3
sleeves	3
slit	3
slits	3
slivers	3
sloped	3
slowness	3
slunk	3
smirking	3
smoldering	3
smugly	3
smushed	3
snag	3
snared	3
snatch	3
sneaky	3
sneered	3
sneering	3
sneezed	3
sniveling	3
snuggling	3
soaking	3
sockets	3
soil	3
solemn	3
solemnly	3
solved	3
soothing	3
sorrow	3
spaces	3
sparked	3
speck	3
spends	3
sphere	3
spill	3
spire	3
spirits	3
splat	3
splattered	3
splintery	3
spotting	3
sprawling	3
sprayed	3
spring	3
sprint	3
sputtering	3
squared	3
squelching	3
squint	3
stable	3
stagger	3
stake	3
stalker	3
stamp	3
starlight	3
starry	3
stash	3
status	3
stealth	3
stealthiest	3
stiff	3
straightened	3
straightforward	3
strain	3
straining	3
strategy	3
streaked	3
stretches	3
strictly	3
strokes	3
strolled	3
stronghold	3
structures	3
strutting	3
stuffing	3
stumble	3
stung	3
stunted	3
sturdy	3
style	3
succeed	3
suffered	3
suit	3
suite	3
summoning	3
summons	3
suntime	3
superiority	3
superpower	3
superpowered	3
superpowers	3
surfaced	3
survives	3
swatted	3
swaying	3
swiftly	3
swing	3
swished	3
switching	3
symbol	3
synchronized	3
tackled	3
tale	3
talonsteps	3
tamarin	3
targets	3
Tau's	3
teacher's	3
tending	3
terms	3
terrain	3
terrarium	3
th	3
theatrical	3
there'd	3
therefore	3
thickly	3
thieving	3
threatens	3
thrum	3
thumb	3
thundering	3
thunderstorm	3
tiger	3
tightening	3
tingle	3
tinted	3
tiptoed	3
toad	3
tomatoes	3
tones	3
tool	3
topic	3
torment	3
tortured	3
tougher	3
tour	3
towing	3
townspeople	3
traded	3
trading	3
tradition	3
tragedy	3
tranquil	3
transport	3
treating	3
trials	3
triangle	3
tribal	3
trickle	3
trickles	3
troublemaker	3
trumpet	3
tuber	3
twinkling	3
twitch	3
type	3
types	3
typical	3
ugly	3
umbrella	3
un	3
unable	3
unclear	3
underestimate	3
understandable	3
undignified	3
unfold	3
unfolding	3
unfurling	3
unhatched	3
unnecessarily	3
unreliable	3
untangled	3
untouched	3
unwieldy	3
urgency	3
v	3
vantage	3
vegetable	3
vegetation	3
Venus	3
vessel	3
Vinegaroon	3
viper's	3
visits	3
volume	3
wafted	3
wagging	3
waist	3
walkways	3
warmest	3
warmly	3
warnings	3
washing	3
wasps	3
wasting	3
waterproof	3
watery	3
weaker	3
weakly	3
weaknesses	3
Weaver	3
welcomed	3
whales	3
whatsoever	3
wheedled	3
whereas	3
whimpering	3
whisking	3
whispery	3
whistled	3
who've	3
whoever's	3
widening	3
wife	3
wilderness	3
wipes	3
withdrew	3
witness	3
woeful	3
wonderfully	3
worn	3
worship	3
worshipped	3
worthless	3
yearold	3
yum	3
yummm	3
yums	3
zigzagging	3
zipped	3
zombies	3
zone	3
Aaaaaargh	2
Aaaargh	2
abashed	2
absentmindedly	2
accepting	2
access	2
accidental	2
ache	2
actions	2
active	2
adapted	2
addition	2
addressed	2
admirable	2
admiring	2
adopt	2
adoring	2
affected	2
affectionate	2
afoot	2
aghast	2
aglow	2
agonizing	2
airily	2
airy	2
alertly	2
alibi	2
allegiance	2
allowing	2
ally's	2
aloof	2
alternates	2
alternative	2
alternatives	2
amazement	2
amnesty	2
amok	2
amusing	2
ancestor	2
angered	2
angles	2
angling	2
announcer	2
anti	2
anticipation	2
appalled	2
apparent	2
appeal	2
applaud	2
apples	2
apply	2
appreciated	2
approval	2
approved	2
approximately	2
argues	2
arm's	2
armband	2
armbands	2
armed	2
armful	2
armpit	2
armpits	2
arrange	2
arrowing	2
Arrrgh	2
articles	2
artist	2
artistic	2
Asha's	2
assembled	2
Assembly	2
assigning	2
assignments	2
assure	2
atrium	2
attacker's	2
attempt	2
attended	2
attracts	2
avenge	2
await	2
awed	2
awkwardness	2
Awww	2
Azalea's	2
backdrop	2
bait	2
baked	2
baking	2
balefully	2
ballrooms	2
bamboo	2
banking	2
baobab	2
barbaric	2
barge	2
baring	2
barking	2
barrel	2
barreling	2
barrels	2
barricaded	2
Barry	2
basking	2
battalions	2
beady	2
bean	2
bearable	2
bearded	2
bearings	2
beaten	2
beaver	2
becomes	2
BeetleWing	2
behalf	2
Behold	2
believable	2
believes	2
beluga	2
bespectacled	2
biased	2
bickering	2
bidding	2
bigness	2
Bind	2
binding	2
biological	2
birthday	2
bizarre	2
blacksmith's	2
blades	2
blanched	2
bleached	2
bleating	2
blending	2
blessed	2
blinded	2
blisteringly	2
blithering	2
bloodstains	2
blooms	2
blowfish	2
blueberries	2
blueprints	2
blunted	2
bluntly	2
boards	2
boats	2
bobbing	2
bodyguard's	2
bodyguards	2
boldly	2
bolts	2
bombardier	2
bonking	2
boohoo	2
bookbinding	2
bookmaking	2
boom	2
Borderland	2
borders	2
borrow	2
bounce	2
boy's	2
braids	2
brained	2
brainwashed	2
bravely	2
brawny	2
breastplate	2
breather	2
briefest	2
brightened	2
brightening	2
brittle	2
bromeliads	2
browns	2
brows	2
bruise	2
bubbly	2
bullfrogs	2
Bumpbump	2
bundles	2
bunnies	2
burlap	2
busily	2
bustle	2
butts	2
buzz	2
Bzzzz	2
c'mon	2
cackled	2
caked	2
campfire	2
candle	2
cannibals	2
capturing	2
carcasses	2
careened	2
caretaker	2
carrier	2
carrion	2
cart	2
cat's	2
catapults	2
Cattail's	2
cave's	2
caverns	2
celebration	2
celebrations	2
ceremonies	2
chairs	2
challengers	2
chameleon	2
chanced	2
chanting	2
charmingly	2
chases	2
chatted	2
cheated	2
cheered	2
chicken	2
chief	2
childhood	2
chime	2
chip	2
chipmunk	2
chiseled	2
chitchat	2
chooses	2
chopping	2
chorus	2
chuckling	2
chunk	2
citizen	2
city's	2
civilized	2
clambering	2
clammy	2
clamor	2
clamoring	2
clamping	2
clang	2
clanging	2
clank	2
clanked	2
clarity	2
clash	2
clasp	2
click	2
climate	2
clingy	2
clinked	2
clipped	2
clodhopper	2
clouded	2
clouding	2
clubs	2
clumsily	2
clutter	2
coat	2
cobras	2
collects	2
colorless	2
comfortably	2
compass	2
compliments	2
composition	2
compromise	2
conclusion	2
conducting	2
confession	2
confidence	2
congealing	2
conscience	2
consisting	2
consume	2
consuming	2
containing	2
contempt	2
continuing	2
converged	2
cooing	2
coolly	2
copied	2
copse	2
core	2
corrupt	2
cot	2
cough	2
counteract	2
crags	2
crammed	2
Cranberry's	2
craning	2
creating	2
creature's	2
creepier	2
creepiness	2
crescents	2
crest	2
crevices	2
crew	2
crimes	2
crinkle	2
crinkling	2
crinkly	2
crisscrossed	2
critical	2
croak	2
crowding	2
crowds	2
crumpling	2
crunching	2
crystal	2
crystalline	2
cuddled	2
cuffs	2
cupping	2
curly	2
curriculum	2
customs	2
daft	2
daily	2
dais	2
damaged	2
darkened	2
darkest	2
daunting	2
debated	2
decades	2
deceitful	2
decency	2
deciding	2
decoration	2
decorations	2
defensive	2
definition	2
deflecting	2
dejectedly	2
delicately	2
demanding	2
demonstrated	2
dents	2
depend	2
depressing	2
descendants	2
desks	2
despairing	2
destinies	2
detect	2
detour	2
Deutsch	2
developed	2
device	2
devious	2
dew	2
dimmer	2
disagree	2
disbelievingly	2
discovers	2
disembodied	2
disentangle	2
disentangled	2
disguise	2
disheveled	2
disintegrating	2
disk	2
dislocated	2
displaying	2
displeasure	2
dispose	2
disrupt	2
dissolving	2
distinct	2
disturb	2
disturbed	2
doll	2
dose	2
downstream	2
downward	2
dozens	2
drab	2
dragonflies	2
dragonslaying	2
drank	2
dreadfully	2
drifts	2
droned	2
droning	2
drool	2
droplet	2
drummed	2
dubious	2
dubiously	2
dum	2
dump	2
duties	2
eager	2
earn	2
earnest	2
earning	2
earthworm	2
ease	2
easiest	2
eastern	2
ebony	2
edition	2
Eee	2
Eeee	2
EEEEEEEEEEEEEEEEEEE	2
Eeeep	2
eeeepow	2
effective	2
efficient	2
eggshells	2
elation	2
elbow	2
eleven	2
embarrassment	2
embrace	2
emptiness	2
encampments	2
encounters	2
encourage	2
Encouraged	2
encroach	2
endanger	2
endlessly	2
enfolding	2
engulfed	2
enormity	2
ensuing	2
ensure	2
entourage	2
entranceway	2
equaled	2
equals	2
equation	2
erased	2
error	2
es	2
escorted	2
essential	2
estimate	2
etched	2
etiquette	2
evacuate	2
evenly	2
everybody's	2
exaggerating	2
examples	2
exception	2
exchanging	2
excluding	2
excused	2
excuses	2
executing	2
executions	2
exhaling	2
exhilaration	2
existing	2
expanses	2
expectantly	2
expendable	2
expertly	2
explains	2
explored	2
explorer	2
expressionless	2
extensions	2
extent	2
extermination	2
extricated	2
eyeholes	2
eyelashes	2
eyeless	2
eyelids	2
eyesight	2
fabulous	2
facets	2
fades	2
fainted	2
fancier	2
fanning	2
fantasies	2
fantasy	2
farm	2
farmstead	2
fascination	2
fathers	2
fathomless	2
fawn	2
fearless	2
fearsome	2
feasts	2
feinting	2
fiercest	2
fifteen	2
filaments	2
filigree	2
filing	2
fingered	2
fireball	2
fired	2
fireflies	2
fireplaces	2
fixes	2
fixture	2
fizz	2
flabbergasted	2
flattening	2
flesh	2
flickers	2
flitted	2
flock	2
flow	2
flower's	2
flowing	2
fluke	2
flustered	2
follower	2
followers	2
foothills	2
forcefully	2
foretell	2
forgetting	2
forgiveness	2
formal	2
former	2
forming	2
fortified	2
foundations	2
founding	2
fox	2
fractured	2
fractures	2
framed	2
freaked	2
freely	2
frequently	2
fretting	2
fried	2
friend's	2
friendish	2
frightening	2
frivolously	2
frog's	2
fugitive	2
fumbling	2
fumed	2
fuming	2
functions	2
funniest	2
furtive	2
fuzz	2
Gah	2
galaxies	2
garbled	2
gardening	2
gas	2
gates	2
gecko	2
gemstone	2
general's	2
generation	2
generously	2
gentler	2
gentlest	2
ghostly	2
gifted	2
gifting	2
gifts	2
girlfriends	2
glands	2
glassy	2
glide	2
glimmering	2
glimpses	2
glinting	2
glints	2
Glitterbazaar	2
gloating	2
globules	2
glue	2
gnarled	2
gnat	2
gnawing	2
gobble	2
gobbling	2
gong	2
goober	2
goof	2
gory	2
gossip	2
government	2
grace	2
grain	2
granddaughter	2
grandparents	2
granted	2
graphic	2
Graphix	2
grasping	2
grasses	2
gravel	2
greeted	2
grinding	2
grizzly	2
groarf	2
groggily	2
groove	2
grooved	2
grotesque	2
grounds	2
growth	2
grubby	2
gruffly	2
grumble	2
grumbles	2
grunting	2
guiding	2
guiltily	2
gummy	2
H	2
HAAAA	2
habits	2
hacked	2
hallways	2
halves	2
hammered	2
handling	2
hardened	2
harrumphed	2
harvest	2
hastily	2
hatchings	2
haughty	2
hauling	2
haunting	2
hawk	2
healed	2
health	2
healthy	2
hears	2
heated	2
heating	2
heaving	2
heels	2
hereby	2
hereinafter	2
hesitant	2
hesitating	2
hesitation	2
hiked	2
hilt	2
hind	2
historical	2
hoarse	2
hogweeds	2
Holmes	2
homecoming	2
hooded	2
horde	2
horrific	2
horseshoes	2
horsey	2
hotter	2
household	2
How's	2
howl	2
Hrm	2
huddling	2
huff	2
huffily	2
hum	2
humming	2
hungrily	2
hunted	2
hunts	2
hurl	2
hurtful	2
husk	2
hustled	2
hypnotized	2
iceberg	2
Illustrator	2
imitated	2
immobilize	2
impaling	2
implement	2
impulsively	2
inanimate	2
inches	2
increased	2
increasingly	2
incredulous	2
indicated	2
indignation	2
indoors	2
inexplicable	2
infinite	2
inherit	2
injury	2
injustice	2
inky	2
inquired	2
insanely	2
insipid	2
instruction	2
instrument	2
insult	2
insults	2
intend	2
intending	2
interactions	2
intercepting	2
interestingly	2
interests	2
interfere	2
interfering	2
interpret	2
interrogate	2
interrogating	2
intrepid	2
intricately	2
introductions	2
intruder	2
invading	2
inventions	2
invitations	2
irrelevant	2
irritable	2
irritably	2
irritation	2
isolated	2
issue	2
issued	2
itching	2
item	2
ivory	2
jacket	2
Jambu's	2
jammed	2
January	2
jeebies	2
jobs	2
jolted	2
jostling	2
joyfully	2
judgy	2
juice	2
July	2
jumps	2
juncture	2
jungle's	2
keeled	2
keening	2
keyhole	2
kidnap	2
kidnapper	2
kidnapping	2
kinder	2
kindest	2
kindness	2
kings	2
Kinkajou's	2
kiss	2
kittens	2
knapsack	2
knee	2
kneeling	2
knickknacks	2
knife's	2
knitting	2
knotted	2
koi	2
kudzu	2
labels	2
lacy	2
Laiho	2
lakeshore	2
lapped	2
latched	2
latches	2
latching	2
launch	2
launching	2
Laurel's	2
laying	2
lazulite	2
LeafSilk	2
leeches	2
leftover	2
legible	2
lemon	2
lemonade	2
leverage	2
Liana	2
lick	2
lightening	2
liking	2
limb	2
limited	2
limits	2
limply	2
linger	2
lingering	2
lining	2
Lionfish's	2
lions	2
listeners	2
lists	2
literate	2
littered	2
loathing	2
lobsters	2
locking	2
lodged	2
logic	2
longing	2
lookouts	2
lords	2
lordship	2
lowliest	2
luckiest	2
lummox	2
lunatics	2
lurks	2
ma'am	2
Maarta	2
madder	2
madly	2
magnanimous	2
maimed	2
Majesties	2
major	2
makahiya	2
malice	2
manages	2
manatee	2
manatees	2
manipulated	2
manipulating	2
manor	2
mapmaker	2
march	2
marketplace	2
marking	2
marshy	2
martyr	2
marvel	2
mash	2
Mastermind's	2
material	2
materials	2
matted	2
mazes	2
meadow	2
meaningfully	2
measure	2
medallions	2
medical	2
mee	2
meerkats	2
melody	2
membrane	2
memorable	2
memorized	2
memorizing	2
mentions	2
mercenaries	2
merchants	2
mercilessly	2
merry	2
mesmerizing	2
method	2
methodically	2
midsection	2
midsentence	2
Mightyclaws	2
milky	2
millions	2
miming	2
minded	2
minding	2
mindwalker	2
mingled	2
mingling	2
mini	2
minnow	2
miraculously	2
mirrored	2
mirroring	2
miscreant	2
misting	2
mix	2
mmmmmm	2
moan	2
moats	2
mocked	2
mode	2
Mole's	2
moment's	2
momentary	2
momentous	2
mongers	2
monument	2
moral	2
Moth	2
moths	2
motioned	2
mottled	2
mount	2
mountainside	2
mounting	2
mourn	2
mouthed	2
moves	2
Mr	2
MudWing's	2
murky	2
mustered	2
mutual	2
mwa	2
naughty	2
navigate	2
navigated	2
necessarily	2
needing	2
needle	2
negotiated	2
negotiating	2
nephew	2
nerve	2
nervousness	2
nestmates	2
nibbled	2
nibbling	2
nicest	2
niches	2
nitwit	2
nook	2
noooo	2
northeast	2
northern	2
nosed	2
nostril	2
notices	2
notion	2
novels	2
Nuh	2
numb	2
nursery	2
obeying	2
objections	2
objectively	2
obsessive	2
obstacles	2
octave	2
offend	2
offensive	2
offhandedly	2
officiously	2
offshoots	2
offspring	2
Ohhhhh	2
olive	2
onions	2
ooof	2
Ooooooooo	2
operation	2
opponents	2
oppressed	2
optimism	2
Oracle	2
orbs	2
orchards	2
orchids	2
origin	2
orphan	2
orphans	2
Oscar	2
outlawed	2
outranked	2
outsider	2
outspoken	2
outweighed	2
overcast	2
overcome	2
overflowing	2
overly	2
overpowered	2
overprotective	2
overreacting	2
overthrow	2
overturned	2
overwatered	2
owls	2
oyster	2
paces	2
paddle	2
pajamas	2
pang	2
pans	2
Pantala's	2
paraded	2
paralyze	2
paralyzing	2
paranoia	2
parted	2
partners	2
partway	2
passages	2
passageways	2
passion	2
passionately	2
password	2
pathetically	2
pathways	2
patronizing	2
payback	2
peacock	2
pear	2
Pearl's	2
pearly	2
pears	2
pebble	2
pelts	2
pencil	2
penetrate	2
peninsulas	2
people's	2
pep	2
perfection	2
peripheral	2
perking	2
permanent	2
permanently	2
perspective	2
phenomenon	2
pierced	2
pigtails	2
pillar	2
pincers	2
Pineappletime	2
pitchers	2
piteously	2
pitter	2
pityingly	2
pivoting	2
placing	2
plankton	2
planter	2
plastering	2
platforms	2
plausible	2
players	2
plight	2
plopping	2
plume	2
plump	2
plunking	2
poem	2
polar	2
politics	2
pomegranate	2
poof	2
population	2
portentous	2
pose	2
poses	2
posters	2
posts	2
pound	2
pray	2
predators	2
predatory	2
preferably	2
presented	2
presenting	2
preserved	2
pressure	2
pretentious	2
primary	2
primping	2
prisoner's	2
privately	2
prizes	2
probability	2
probable	2
proceeded	2
process	2
Professor	2
promontory	2
propel	2
property	2
prophetic	2
propose	2
propping	2
prosecution	2
protects	2
protests	2
prototype	2
proved	2
proving	2
prowled	2
pry	2
puffing	2
puffs	2
pulleys	2
punch	2
pupil	2
purely	2
quality	2
quarters	2
queasy	2
queenly	2
quivered	2
quizzical	2
quizzically	2
quoted	2
R	2
raccoons	2
racket	2
radiate	2
raged	2
rammed	2
rat	2
rattle	2
rattlesnake	2
rawring	2
realization	2
rearranging	2
recapture	2
receive	2
recite	2
recited	2
records	2
recovering	2
recruiting	2
reddish	2
Reed's	2
reference	2
reflect	2
refrain	2
regally	2
regard	2
regretfully	2
regroup	2
reign	2
relations	2
relatives	2
relayed	2
relented	2
reluctant	2
remain	2
remark	2
remarked	2
remarks	2
remedial	2
remembers	2
remnants	2
reorient	2
repeating	2
replied	2
reports	2
repressed	2
rescuers	2
resettled	2
resistant	2
resolved	2
resort	2
respectfully	2
respecting	2
restart	2
restore	2
restricted	2
resurfaced	2
retire	2
retired	2
reunion	2
reunite	2
reverberated	2
review	2
revolutionaries	2
rewrapping	2
rhinoceros	2
ribbon	2
riddled	2
rides	2
righted	2
righting	2
rips	2
rises	2
riverbed	2
rivulet	2
roarf	2
ROARGH	2
roargrr	2
roast	2
roasting	2
ROAWR	2
rocked	2
romance	2
ROOAR	2
roofed	2
roofs	2
rooted	2
rooting	2
Roridula	2
rosy	2
rounded	2
rub	2
rubble	2
ruling	2
rumored	2
sadder	2
saddest	2
sailed	2
sailing	2
saluted	2
sandbox	2
sandstone	2
sanity	2
sarcastically	2
satisfyingly	2
sawing	2
scaled	2
scaling	2
Scallop	2
scaly	2
scampered	2
scampering	2
scarves	2
scathingly	2
scavenged	2
scented	2
scheme	2
scheming	2
scholars	2
school's	2
scolding	2
scoop	2
scornfully	2
scraggly	2
scrawled	2
scrawling	2
Scrrape	2
scrubbed	2
scrubbing	2
scuffed	2
scuffing	2
sculptor	2
scurry	2
seagull's	2
seahorses	2
seashells	2
seat	2
secretive	2
securely	2
security	2
seeped	2
seeping	2
selling	2
semidarkness	2
senior	2
sensibilities	2
serene	2
serves	2
settlement	2
settlements	2
severely	2
sewing	2
shaft	2
shard	2
sharpening	2
sheaf	2
sheets	2
sheltering	2
shelters	2
Shhhhhhh	2
shielded	2
shimmers	2
shipped	2
shoes	2
shooed	2
shored	2
Should've	2
showdown	2
showering	2
shows	2
shrewd	2
shrouded	2
shrugging	2
shuddering	2
shudders	2
shushed	2
shushing	2
sib	2
sidelong	2
sidling	2
sightings	2
sights	2
silenced	2
silences	2
Silverspot	2
singeing	2
sinuous	2
sip	2
sis	2
sits	2
sixth	2
sizing	2
sketched	2
sketches	2
sketchy	2
skimmed	2
skulls	2
skyscape	2
slack	2
slanted	2
slaughtered	2
sleephouse	2
sleephouses	2
sleeve	2
slender	2
slim	2
sliver	2
sloping	2
slouching	2
sluicing	2
Smeebuf	2
smoked	2
smother	2
smuggler	2
snableday	2
snail's	2
snarfed	2
snaring	2
snatches	2
sneaks	2
sneezing	2
snickered	2
snippily	2
snoozy	2
snore	2
snowy	2
snuffled	2
snuffling	2
sobbing	2
socket	2
solitude	2
solving	2
somewhat	2
son's	2
soooo	2
sorts	2
soundless	2
sparking	2
sparkle	2
sparkles	2
spattering	2
speckles	2
specks	2
spectacle	2
spectacular	2
speeches	2
spelling	2
spider's	2
spiderwebs	2
spiked	2
splamflamp	2
splayed	2
splinter	2
splinters	2
splitting	2
sploshed	2
spooked	2
sprays	2
sprinkled	2
sprinting	2
sprout	2
spur	2
spurted	2
squabbling	2
squarely	2
squaring	2
squawk	2
squawked	2
squiggly	2
squish	2
squishy	2
st	2
stack	2
stacking	2
staining	2
staircase	2
stalks	2
stall	2
starlit	2
startlingly	2
starve	2
starved	2
steadily	2
steals	2
steeling	2
steered	2
steering	2
stench	2
stew	2
stiffened	2
stiffly	2
stilled	2
sting	2
stomp	2
storehouse	2
storms	2
straightening	2
strapped	2
stray	2
streaming	2
streams	2
stressed	2
stretchy	2
stricken	2
strikes	2
strips	2
strongly	2
Strongwings	2
strung	2
stubbing	2
student's	2
studies	2
studiously	2
stuffy	2
stumps	2
subsided	2
substance	2
success	2
suckered	2
sucking	2
suffering	2
suffocated	2
suggest	2
suitable	2
suited	2
sulk	2
sulking	2
sullenly	2
sum	2
summit	2
sunflowers	2
sunk	2
surly	2
surprises	2
Surrender	2
survivors	2
susceptible	2
suspended	2
swaggering	2
swallowing	2
swamped	2
swarms	2
swathe	2
swathes	2
Sweetface's	2
sweetly	2
sweetness	2
swelled	2
swelling	2
swerving	2
swipe	2
swiping	2
swirled	2
Swish	2
swivel	2
swollen	2
swordfighting	2
swum	2
synced	2
systems	2
Ta	2
tableau	2
tackling	2
tailor	2
tailsnarrow	2
talent	2
talonfuls	2
tarantula	2
tattered	2
taunted	2
taunting	2
taut	2
tawny	2
teapot	2
teardrop	2
tease	2
technique	2
techniques	2
teenage	2
teeny	2
telepathy	2
tendency	2
tent	2
tentative	2
termites	2
terraces	2
terrorize	2
terrorizing	2
thatch	2
theatrically	2
theatrics	2
theft	2
theories	2
there'll	2
thickets	2
thirst	2
thorough	2
Thoughtful's	2
throes	2
thrummed	2
thundered	2
thunderous	2
Thyme's	2
tickled	2
tidal	2
tidy	2
tigers	2
timid	2
timing	2
tingly	2
tinier	2
tiptoeing	2
tire	2
tiring	2
today's	2
toe	2
tokens	2
tolerate	2
tons	2
tooth	2
topple	2
toppling	2
tops	2
torched	2
torso	2
towns	2
trace	2
tragically	2
traitors	2
trampled	2
tranquilizer	2
transfer	2
transferred	2
translating	2
translation	2
trap's	2
travels	2
tray	2
treacherous	2
treats	2
tree's	2
tremendously	2
tremor	2
triangles	2
tribemates	2
trinkets	2
triumphant	2
troupe	2
truce	2
trunks	2
trustingly	2
tug	2
tuna	2
tundra	2
tunics	2
tutor	2
twists	2
twitchy	2
twittering	2
unaware	2
unbind	2
unbuckled	2
uncapped	2
uncertain	2
unchain	2
uncharacteristically	2
uncles	2
uncomplicated	2
unconsciously	2
uncovering	2
underbrush	2
understands	2
undeserving	2
unearthly	2
unease	2
uneasiness	2
uneven	2
unexcited	2
unfocused	2
unforgivable	2
ungrateful	2
unharnessed	2
unhelpfully	2
unhooked	2
uniforms	2
unimaginative	2
unique	2
unkindly	2
unlatched	2
unleashed	2
unlock	2
unlocking	2
unlucky	2
unnerved	2
unpleasantly	2
unprotected	2
unreasonable	2
unreasonably	2
unrecognizable	2
unsuccessful	2
unsuccessfully	2
unsupervised	2
untangling	2
untethered	2
untie	2
untied	2
untroubled	2
untrustworthy	2
unusually	2
unwisely	2
unwound	2
Unwrap	2
unwrapped	2
upbringing	2
upended	2
uppermost	2
upriver	2
uproot	2
upstream	2
urgent	2
urgently	2
ushered	2
valleys	2
vary	2
vases	2
vaulting	2
veering	2
vegetarian	2
vegetarians	2
veiled	2
ventured	2
verify	2
versa	2
verse	2
versions	2
viable	2
vibrant	2
vibrated	2
vibrating	2
vibration	2
vice	2
victims	2
vileness	2
village's	2
villains	2
violets	2
visitor	2
vital	2
vow	2
w	2
wade	2
wager	2
wail	2
wailing	2
wails	2
wares	2
warmed	2
warren	2
wasteland	2
watches	2
watchful	2
waterfalling	2
watering	2
waterwheel	2
wax	2
wearily	2
weasel	2
weeds	2
weep	2
weighed	2
weighted	2
weirdest	2
weirdling	2
weirdness	2
weirdo	2
welling	2
wetter	2
Wh	2
wha	2
whale's	2
What'd	2
Where'd	2
Whew	2
whimpered	2
whine	2
whippersnapper	2
whirl	2
whirling	2
Whirlpool's	2
wielding	2
willingly	2
wilted	2
wilting	2
windblown	2
winds	2
wingbuds	2
winking	2
witnesses	2
wolf	2
women	2
wonderingly	2
worshipful	2
worships	2
wreathed	2
wreckage	2
wrench	2
Wrens	2
wringing	2
wrinkle	2
wrung	2
yammering	2
yams	2
Ye	2
yearlong	2
Yeeeeesh	2
yellowish	2
yells	2
yelping	2
Yessss	2
Yesssss	2
Yowch	2
yowl	2
yowling	2
zigzags	2
zipping	2
zoomed	2
AAAAAAAAAAAAAAAAAAAAAAAAAAAAAAAAH	1
AAAAAAAAAAAAAAAAAAAAAAAHH	1
AAAAAAAAAAAAAAAAAAAAARRRGH	1
Aaaaaaaaaaaaaaaaaand	1
AAAAAAAABGLBGLBE	1
Aaaaaaaargh	1
AAAAAAAH	1
AAAAAACK	1
Aaaaaah	1
Aaaaack	1
Aaaaargh	1
Aaaah	1
Aaaand	1
Aaack	1
aaagh	1
Aaargh	1
Aaarr	1
Aaarrrrgh	1
AARGH	1
aback	1
abduct	1
abducting	1
abductor	1
abetting	1
abominable	1
aboveground	1
abrupt	1
absence	1
absorbing	1
absorbs	1
abstractly	1
abused	1
abysmal	1
abysses	1
Academy	1
Academy's	1
acceptable	1
accommodate	1
accompanied	1
accomplish	1
accomplishment	1
accumulated	1
accurately	1
accuse	1
accusingly	1
acerbically	1
aches	1
achieve	1
achieved	1
acidic	1
acknowledge	1
acquired	1
acquiring	1
acrobatic	1
activate	1
activated	1
activist	1
activities	1
actor	1
acts	1
adapt	1
Adaptation	1
addressing	1
adequately	1
adjacent	1
adjoined	1
adjustments	1
administer	1
administration	1
admiration	1
admired	1
admirer	1
admits	1
admitting	1
adopted	1
adorably	1
adorned	1
adornment	1
adornments	1
adrenaline	1
Advancing	1
adversaries	1
advisable	1
advise	1
aerial	1
affable	1
affecting	1
affronted	1
afield	1
aflame	1
afloat	1
aftereffects	1
afternoon's	1
afterthought	1
agape	1
agave	1
agents	1
aggravate	1
aggrieved	1
Agitated	1
agonizingly	1
aiding	1
ain't	1
airborne	1
akin	1
alack	1
alarmingly	1
Alas	1
alerted	1
alerts	1
alien	1
align	1
alignments	1
allergic	1
alleys	1
allll	1
alllllll	1
alter	1
altered	1
altering	1
alternating	1
altogether	1
amaaaaaazing	1
Amanda	1
ambling	1
ambush	1
amenable	1
amorphous	1
ample	1
amply	1
amuse	1
anacondas	1
analogy	1
analyze	1
ancestry	1
anchoring	1
andyellow	1
anecdotal	1
angelic	1
angled	1
anguish	1
angular	1
animated	1
Animi	1
animuses	1
anniversary	1
announce	1
announcement	1
announcements	1
anomaly	1
antagonize	1
antagonized	1
antechamber	1
antelopes	1
antibodies	1
antics	1
anyplace	1
apocalypse	1
apologetic	1
apologies	1
apologized	1
apologizes	1
apology	1
apoplectic	1
apoplexy	1
appealed	1
appearances	1
appeasing	1
appendages	1
appetite	1
appetizers	1
applauded	1
applause	1
applesauce	1
applies	1
appreciatively	1
apprehensive	1
apprenticeship	1
appropriately	1
approvingly	1
apricots	1
April	1
AQUACULTURE	1
aquarium	1
arbitrations	1
arboretum	1
arced	1
Archaeology	1
archipelago	1
architects	1
archly	1
archnemesis	1
arcing	1
areas	1
Arglerarrrgh	1
ARGNORAW	1
argumentative	1
Argyll	1
arias	1
arming	1
arrangement	1
arranging	1
arrivals	1
arrow	1
arrowroot	1
ARRRRRRRRRRRGH	1
ARRRRRRRRRRRRRRRRRRRRRRRGH	1
art's	1
articulate	1
artifacts	1
artists	1
ascends	1
assailant	1
assassin's	1
assassinate	1
assassinates	1
assert	1
assign	1
assist	1
assistant	1
assortment	1
assuming	1
Aster	1
astonishingly	1
astronomy	1
asylum	1
atoning	1
atriums	1
atrocious	1
attempted	1
attendance	1
attendants	1
attentive	1
attic	1
attitude	1
attracting	1
audible	1
audiences	1
August	1
aunt's	1
auspicious	1
automatic	1
AVENGED	1
averting	1
AWAAAAAAAY	1
awaiting	1
awakened	1
award	1
awards	1
awareness	1
awash	1
awesomeness	1
Awwwww	1
Awwwwwwwmygoodness	1
Awwwwwwwwww	1
Awwwwwwwwwwwwww	1
Axolotls	1
ba	1
baaaaaack	1
Bababa	1
BABABAS	1
babble	1
babbled	1
babbling	1
backbone	1
backdrops	1
backfired	1
backflips	1
backpedaled	1
bacteria	1
bad's	1
baffling	1
Bah	1
baleful	1
bales	1
balls	1
bamboozle	1
Bammo	1
BANANANANANAAAAAAAAAAAAAAAAAAS	1
bandaged	1
banded	1
bang	1
banging	1
banishes	1
banned	1
banner	1
banter	1
barbarian	1
barefoot	1
BARF	1
bargaining	1
barnacle	1
barracudas	1
barricade	1
barriers	1
barring	1
bases	1
bashed	1
basil	1
basing	1
baths	1
batlike	1
battalion	1
battering	1
battleground	1
Battlewinner's	1
beacon	1
beak	1
beam	1
bearmancers	1
Beatrice	1
beats	1
beauty	1
bedazzled	1
bedtimes	1
bee	1
Beebeebeebee	1
beech	1
beeline	1
beelined	1
beepollen	1
BeetleWings	1
befriend	1
befriends	1
begging	1
begins	1
Begone	1
behaves	1
behaving	1
beheaded	1
beheading	1
belching	1
beleaguered	1
belligerent	1
belonging	1
belongs	1
belugas	1
benches	1
bendy	1
benefited	1
benevolently	1
berate	1
berated	1
berth	1
bestow	1
betrayals	1
betrayer	1
betrays	1
betrothed	1
bets	1
betting	1
bewildering	1
bewitched	1
bided	1
bigotry	1
Bigtoes	1
billow	1
bioluminescent	1
birdlike	1
birthdays	1
biscuit	1
bisecting	1
bitingly	1
bitterness	1
bitty	1
blackish	1
blackmail	1
blackmailed	1
blacks	1
blacksmith	1
bladderwort	1
blaming	1
blanch	1
blanket's	1
blankness	1
blart	1
blasphemous	1
bleakly	1
bleated	1
bled	1
bleed	1
bleeds	1
blended	1
BLERGH	1
blessing	1
blindingly	1
blip	1
blissful	1
blizzard	1
blocks	1
blocky	1
bloodbath	1
bloodlessly	1
bloodline	1
bloodshot	1
bloodsucking	1
bloodthirsty	1
Bloodworm's	1
bloom	1
bloomed	1
blooming	1
blorb	1
blossomed	1
blossoms	1
blowfishes	1
blows	1
blrrb	1
Blrrrrb	1
blubber	1
blubbered	1
blues	1
bluffed	1
blurrier	1
blurt	1
blurting	1
Boar's	1
Boarf	1
boasting	1
boat	1
bobbed	1
bode	1
boded	1
bodyguarding	1
boggling	1
boil	1
bold	1
bolder	1
bombs	1
bonding	1
bonds	1
BOO	1
book's	1
bookshelves	1
BOOO	1
Boooo	1
BOOOOOOOOO	1
BOOOOOOOOOO	1
boosting	1
boosts	1
bope	1
bopped	1
boredom	1
bossily	1
bottomless	1
bottoms	1
boundary	1
bout	1
bower	1
bozo	1
bracken	1
brackish	1
bragging	1
braided	1
brainlessness	1
brainstorm	1
brainwash	1
Brainy	1
bramble	1
branded	1
brazen	1
breakable	1
breaks	1
breakthrough	1
Breathless	1
breathtaking	1
breed	1
breezily	1
breezy	1
brethren	1
brick	1
bricks	1
bridges	1
brimming	1
brisk	1
bristly	1
broad	1
brocade	1
bromeliad	1
brooded	1
Brooding	1
browner	1
brownish	1
brrrr	1
bruised	1
brunt	1
brute	1
brutes	1
bucking	1
buckled	1
budge	1
buds	1
builders	1
bulb	1
bulbous	1
bulged	1
bulging	1
bullet	1
bullies	1
BUMBOBEE	1
bundling	1
bunks	1
burdened	1
Burnet	1
burnished	1
burped	1
BurrMRRBRRGRR	1
burrow	1
bushy	1
busied	1
busier	1
busiest	1
businesslike	1
Butterfly's	1
Buuuut	1
Buuuuut	1
buying	1
buzzy	1
byes	1
Bzzzzzzzzzz	1
cacti	1
cadence	1
caged	1
calamity	1
calculate	1
calculated	1
callous	1
calmingly	1
Camellia's	1
Camels	1
camps	1
campsite	1
cancelled	1
candidate	1
candidates	1
candlemaker	1
cane	1
cannoned	1
canteen	1
cantering	1
canvas	1
cap	1
captain	1
captor	1
captors	1
cards	1
careening	1
carelessness	1
caretakers	1
Carmine	1
carnivore	1
carpeted	1
cartoonist	1
carts	1
cartwheels	1
cascades	1
cashews	1
CASHOOOS	1
casual	1
catapulted	1
catapulting	1
CATASTROPHE	1
Catastrophic	1
categorized	1
cauliflower	1
cavalcade	1
caving	1
cavity	1
cavorted	1
cease	1
ceilinged	1
celebrates	1
celebratory	1
centipede	1
Cereus	1
Cerulean	1
ch	1
chaining	1
chair	1
chalk	1
chalky	1
challenges	1
chambers	1
chameleons	1
chamomile	1
chandeliers	1
changers	1
channeled	1
chanted	1
chaotic	1
chapters	1
chasms	1
chastened	1
chastised	1
chattered	1
chatterfest	1
chatty	1
cheat	1
checkpoint	1
cheekily	1
cheep	1
cheerfulness	1
cheerily	1
cheers	1
chess	1
chilled	1
chimneys	1
chinchilla	1
chinchillas	1
chirp	1
chirruped	1
choker	1
chompchomped	1
chopped	1
chore	1
chores	1
chortling	1
chrysanthemums	1
chucking	1
cicadas	1
cinders	1
circuit	1
circulation	1
circumference	1
circumventing	1
civilians	1
civilization	1
claimed	1
claiming	1
clamber	1
clamp	1
clamps	1
Clams	1
clandestine	1
clanged	1
clarify	1
clashed	1
clashing	1
classic	1
classmates	1
claustrophobic	1
clawless	1
clawsteps	1
cleaner	1
clearings	1
Clearpool's	1
clematis	1
clenching	1
cleverly	1
clifftop	1
climax	1
climber	1
cling	1
clinical	1
Clink	1
clipping	1
clips	1
clodhoppers	1
clogged	1
clogging	1
clomping	1
closeness	1
closes	1
cloudy	1
clown	1
clowns	1
clucking	1
clumped	1
cluttering	1
coal	1
coalescing	1
coating	1
coats	1
cobblestones	1
cobweb	1
Cochineal	1
cockatoo	1
COCKROACHES	1
cocky	1
cocoons	1
coddling	1
Coders	1
coerced	1
coexist	1
coexistence	1
coexisting	1
coherent	1
coiling	1
coldest	1
collaborating	1
collar	1
collarbone	1
collateral	1
collecting	1
colliding	1
colonies	1
colonnade	1
colorist	1
combatants	1
combed	1
combines	1
comeback	1
comically	1
comics	1
commander's	1
commanders	1
commandingly	1
commendably	1
comment	1
commenting	1
committed	1
committing	1
communicated	1
COMMUNICATION	1
communications	1
communities	1
community	1
companion	1
compare	1
comparison	1
compartment	1
compartments	1
compelled	1
Compelling	1
competent	1
competing	1
complaint	1
complaints	1
complemented	1
complexion	1
composed	1
composer	1
compulsively	1
comrades	1
con	1
concealing	1
conceded	1
Concerning	1
concerts	1
concocting	1
concussed	1
condemn	1
conducted	1
conduit	1
conferred	1
confess	1
confessing	1
confessions	1
confine	1
confined	1
confinement	1
confirmation	1
conflicting	1
confront	1
confrontation	1
confronted	1
congratulate	1
conjured	1
conjurer	1
conjuring	1
connive	1
conquer	1
conscientious	1
conscious	1
conserve	1
considerably	1
consideration	1
considerations	1
consistency	1
consistent	1
consists	1
consolidate	1
conspire	1
consternation	1
construct	1
constructed	1
consulted	1
consulting	1
contagious	1
contemplate	1
contemplatively	1
contenders	1
contentment	1
contest	1
context	1
contingency	1
contort	1
contorted	1
contracting	1
contraptions	1
contribution	1
controllable	1
conundrum	1
conversational	1
converse	1
convey	1
conveyed	1
conviction	1
convulsed	1
cook	1
cooked	1
cooled	1
cooperation	1
coordinated	1
coppery	1
cor	1
cordoned	1
cords	1
cormorant	1
cormorants	1
cornering	1
coronation	1
correcting	1
correction	1
councillor	1
councillors	1
councilors	1
Councils	1
counterbalance	1
countered	1
counters	1
countertops	1
countless	1
countryside	1
coup	1
couples	1
couplets	1
courses	1
courtesy	1
coverings	1
cow's	1
cowards	1
cowed	1
Cower	1
cowering	1
Cowrie's	1
coyly	1
crackle	1
crackly	1
crafty	1
cramping	1
cranky	1
cranny	1
crates	1
crawlingly	1
craziness	1
crea	1
creakily	1
crease	1
creations	1
creator	1
Creeeak	1
creeper	1
creepers	1
creepily	1
crestfallen	1
crevasse	1
crickle	1
criminal	1
criminals	1
crippled	1
crisis	1
crisp	1
crisply	1
crispy	1
critically	1
criticize	1
croaking	1
croaky	1
Crocodile's	1
crocodiles	1
crookedly	1
crosses	1
Crow's	1
crowd's	1
crueler	1
cruelest	1
cruelly	1
crumbled	1
crumbly	1
crumple	1
crunch	1
crunchy	1
crust	1
cube	1
cubes	1
cubic	1
cubs	1
cucumbers	1
cue	1
cuffed	1
cult	1
cupboards	1
curated	1
cured	1
curiosities	1
curlingly	1
curmudgeonly	1
curriculums	1
CURSING	1
curtly	1
cushion	1
cushioned	1
cushions	1
custom	1
cutely	1
cuteness	1
cutie	1
cyan	1
d'oeuvres	1
daaaaa	1
DAAAAAAD	1
DAAAAD	1
dabbling	1
Daffodils	1
damaging	1
damply	1
dancer	1
dandelions	1
dangled	1
dares	1
darkening	1
dash	1
dashing	1
dates	1
daunt	1
David	1
dawdle	1
dawning	1
day's	1
daytime	1
Dazameezacco	1
dazedly	1
dazzle	1
deals	1
Deathbringer's	1
Deathconqueror	1
deathly	1
Deathwarrior	1
debate	1
debating	1
deboned	1
debts	1
decay	1
deceptively	1
decimate	1
decimated	1
decipher	1
decisive	1
deck	1
declaimed	1
declare	1
decompose	1
decomposing	1
decor	1
decorate	1
decorating	1
decorative	1
DECOY	1
decree	1
decreed	1
dedicated	1
deduce	1
deduced	1
deeds	1
deeeepy	1
deepening	1
defeating	1
defected	1
defended	1
defender	1
defensively	1
defensiveness	1
defiance	1
definitions	1
definitive	1
deft	1
defy	1
degrees	1
Dehydrated	1
deigned	1
delegation	1
deliberate	1
deliciously	1
delightfully	1
delivering	1
demonstrate	1
demonstration	1
demoralizing	1
demoted	1
denied	1
densely	1
denser	1
deny	1
departing	1
departure	1
dependent	1
depicting	1
deposited	1
depressingly	1
deprived	1
derail	1
deranged	1
derivative	1
desalinization	1
descend	1
describing	1
deserter	1
Deserts	1
desirable	1
desperation	1
dessert	1
destroys	1
detectives	1
detoxification	1
detritus	1
deviations	1
devil	1
devote	1
devoured	1
devouring	1
dewdrops	1
dewy	1
diagram	1
dialogue	1
diamondstudded	1
diaphanous	1
diatribe	1
Dibs	1
dictator	1
dictionary	1
digested	1
digestive	1
digests	1
dignify	1
dignity	1
DIIIIIIIIIIIIIIIIIIIIIIIIIIIIIIIIIIIIID	1
diligent	1
Dimly	1
dimmed	1
dimming	1
DIMWIT	1
din	1
dining	1
dinners	1
diplomatically	1
direct	1
Director	1
disable	1
disagreement	1
disappears	1
disappoint	1
disapprove	1
disapproved	1
disarray	1
discard	1
discern	1
discipline	1
disconcerted	1
disconsolately	1
discontent	1
discord	1
discoveries	1
discovering	1
discussed	1
discussion	1
disdain	1
disdainful	1
disentangling	1
Disfiguring	1
disgraced	1
disgruntlement	1
disguised	1
dishes	1
dishonorable	1
disintegrate	1
disintegration	1
disinterested	1
dislodge	1
dislodging	1
dispassionately	1
displacing	1
displayed	1
disposable	1
disposal	1
disputed	1
disrespect	1
disrespectful	1
disruption	1
dissatisfied	1
dissipated	1
distances	1
distantly	1
distinction	1
distinguish	1
distressed	1
distributed	1
distributing	1
distrusted	1
distrustful	1
disturbing	1
dithering	1
dittany	1
diverging	1
divide	1
divisive	1
dizziness	1
docile	1
doctors	1
document	1
dolls	1
dominant	1
dominating	1
doodles	1
dooming	1
doooooo	1
dope	1
doublecheck	1
doubling	1
doubting	1
dough	1
doughnuts	1
doused	1
dousing	1
downfall	1
downplay	1
dozed	1
dozing	1
Drafts	1
dragonfly's	1
dragonly	1
dragonsized	1
dragonslayers	1
dragonspeak	1
Dragonstare	1
dragonstared	1
Dragontail	1
drags	1
drain	1
drat	1
drawers	1
draws	1
dreading	1
dreamboat	1
dreamless	1
dreamvisit	1
dreamvisitors	1
dreary	1
dreeeeeeamy	1
drier	1
driest	1
drill	1
drilling	1
drills	1
drily	1
drinkable	1
drips	1
driv	1
drives	1
drizzle	1
drizzled	1
drizzly	1
drooling	1
droppings	1
droves	1
drowns	1
drudgery	1
drum	1
drumbeat	1
drumming	1
drums	1
drying	1
ducks	1
duel	1
dully	1
dumbfounded	1
dunno	1
dusting	1
dutiful	1
dwarfed	1
dwell	1
dwellers	1
dwelling	1
dwellings	1
dwindled	1
dyeing	1
dyes	1
ea	1
eagerness	1
earned	1
earnestly	1
earthquakes	1
earthworms	1
earthy	1
eated	1
eaters	1
eath	1
eavesdrop	1
eavesdroppers	1
eavesdropping	1
ebb	1
ebbed	1
eccentric	1
ecosystem	1
eddied	1
edgewise	1
edible	1
Edifying	1
Edited	1
editions	1
education	1
EEEEEEEEEEEEE	1
Eeeeeeeeeeeeeee	1
Eeeeeeeeeeeeeesnorf	1
EeeeeeeeeeeeePOW	1
EEEEEEEEEEpow	1
EEEEEEEEM	1
eeeeeeenow	1
EEEEEMEGO	1
Eeeek	1
Eeep	1
Eek	1
eerily	1
effectively	1
efforts	1
effusive	1
eigh	1
eighteen	1
eighteenthish	1
eightieth	1
ejecting	1
EKNO	1
elated	1
elbowed	1
elder	1
eldest	1
elect	1
elective	1
element	1
elephant	1
Ella	1
elongated	1
emaciated	1
embarrass	1
embed	1
embossed	1
embroidered	1
emerge	1
emerges	1
emitting	1
emotional	1
empathetic	1
empathize	1
emphasis	1
emphasizing	1
Empire's	1
employed	1
enact	1
encircle	1
encircled	1
encircling	1
enclosure	1
encompassed	1
encounter	1
encountering	1
encouraging	1
encrusted	1
encyclopedia	1
endangering	1
endearing	1
endgame	1
endings	1
endpaper	1
endpapers	1
enemy's	1
energized	1
enforcing	1
engaged	1
enigmatic	1
enjoyed	1
enriching	1
ensconced	1
ensnared	1
entertain	1
entertained	1
entertainments	1
enthused	1
enthusiastic	1
entrenched	1
entry	1
entryway	1
enveloping	1
envious	1
environment	1
envisioning	1
envoy	1
envoys	1
envy	1
epitome	1
equipped	1
erase	1
erasing	1
ergo	1
ering	1
Erple	1
erplecheepsqueak	1
erstwhile	1
eruptions	1
erupts	1
escapes	1
escort	1
essence	1
est	1
established	1
establishing	1
etchings	1
eternal	1
eternally	1
ethic	1
Eurrrrrrgh	1
evaded	1
evaluate	1
evaporated	1
evergreen	1
everyday	1
everythng	1
evil's	1
evoke	1
evolve	1
evolved	1
eww	1
ex	1
exaggerate	1
exaggeration	1
exceedingly	1
exceptions	1
exclaimed	1
excluded	1
exempt	1
exercise	1
exhilarating	1
exists	1
exotic	1
expanded	1
expansive	1
expectant	1
expectations	1
expel	1
expense	1
expensive	1
experimentally	1
Experimentation	1
experimenting	1
explodes	1
explorers	1
exploring	1
explosion	1
Explosions	1
expose	1
exposing	1
expressive	1
expressively	1
expressly	1
extension	1
exterior	1
exterminate	1
exterminated	1
extinction	1
extinguished	1
extraction	1
extracurriculars	1
extraordinarily	1
extreme	1
exuberantly	1
exultantly	1
eyeball	1
eyehole	1
eyelash	1
eyelid	1
factions	1
facto	1
factually	1
failures	1
fainting	1
famished	1
famously	1
fanfare	1
fanged	1
fare	1
farmland	1
Farsight's	1
fart	1
fastened	1
fatal	1
Fatalities	1
fated	1
fathoms	1
Fatuous	1
faux	1
favors	1
fawning	1
fearful	1
featherbrain	1
feature	1
featureless	1
feeds	1
feigned	1
Feint	1
feinted	1
feisty	1
females	1
fenced	1
fend	1
fending	1
festivities	1
fever	1
fiasco	1
fibers	1
FIBS	1
ficus	1
fiddling	1
fidgety	1
fields	1
fiend	1
FIENDISH	1
fierceness	1
fiercer	1
fifteenyear	1
FIFTIETH	1
fig	1
figurines	1
Fiiiiiiiiiiiiiiiiiiiiiiiiiiiiiiiiiiiiiiiiiiiiiiiiiiiiiiiiiiiiiiiiiiiiiiiine	1
FIIIIINALLY	1
filament	1
file	1
filigrees	1
fills	1
filthy	1
finality	1
finishing	1
finned	1
fire's	1
firebomb	1
firebombs	1
fireless	1
firelit	1
firstborn	1
firsthand	1
FISHES	1
Fishhook	1
fishhooks	1
fishy	1
fissures	1
fitful	1
fixedly	1
fizzed	1
flagons	1
flags	1
flagstones	1
flakes	1
flanked	1
flanking	1
flanks	1
flappy	1
flaps	1
flashbacks	1
flatfish	1
flatten	1
flatter	1
flattering	1
flattery	1
flaunt	1
flaws	1
flax	1
flay	1
flea	1
fleeting	1
flippant	1
flippers	1
flips	1
flood	1
floppy	1
flort	1
Flounder	1
flour	1
flourished	1
flourishing	1
flowering	1
fluffing	1
flummoxed	1
flump	1
flurrying	1
flutes	1
fluttery	1
flyers	1
foals	1
foam	1
foamed	1
foamy	1
foes	1
fogged	1
foil	1
follows	1
fomenting	1
fondly	1
foodishly	1
footprint	1
footwork	1
foraging	1
forbade	1
forbidding	1
foreheads	1
foreleg	1
forelegs	1
foreseeable	1
foreseeing	1
foreseen	1
Foreseer	1
Forest's	1
foretold	1
forgave	1
forgetful	1
forlorn	1
formality	1
formally	1
formerly	1
forms	1
formula	1
formulate	1
forte	1
forties	1
fortieth	1
fortunate	1
fortunately	1
fossil	1
foul	1
foundation	1
founded	1
fountaining	1
foxes	1
fraction	1
fragment	1
fraidy	1
frail	1
frame	1
frangipane	1
fraternizing	1
fraud	1
Frayed	1
freaky	1
freckled	1
freckles	1
Freedom's	1
frees	1
freezes	1
frenzy	1
fretted	1
friendliest	1
frighten	1
frightful	1
frigid	1
frivolous	1
Frllp	1
frolic	1
frond	1
frost	1
frostbite	1
Frostbite's	1
frosted	1
frostily	1
frowns	1
frrrrorble	1
fruits	1
frustrations	1
fueled	1
fugitives	1
fulfills	1
fullgrown	1
functioning	1
fundamentally	1
fungi	1
furrow	1
furrowing	1
furs	1
furtively	1
fused	1
fussed	1
fussing	1
fussy	1
fuzzily	1
fwshh	1
g	1
ga	1
Gabby	1
gag	1
gaining	1
galleries	1
garbage	1
garbanzo	1
gardener	1
gardenia	1
garishly	1
garlands	1
gashes	1
gath	1
gatherers	1
gawk	1
gawky	1
Gawp	1
gawping	1
gazes	1
gear	1
gears	1
geckos	1
Gee	1
generated	1
generous	1
genetic	1
genre	1
gentlemen	1
genuine	1
geographically	1
geysers	1
giants	1
gibbering	1
gibberish	1
giddy	1
Gila	1
GIMMEEGO	1
ginormous	1
girl's	1
gist	1
glade	1
gladiators	1
glares	1
glassblowing	1
glasswork	1
glaze	1
glect	1
glected	1
glecting	1
gleeful	1
glimmers	1
gloat	1
globby	1
globe	1
glommed	1
gloom	1
gloomier	1
glop	1
glories	1
glorp	1
Glorys	1
glossy	1
glower	1
glows	1
glowy	1
gluey	1
Gmphood	1
gnashed	1
gnaw	1
goals	1
gobbled	1
god	1
godfather	1
goldenrod	1
gonna	1
Goodnight	1
goods	1
googly	1
gore	1
gorgeous	1
gorgeously	1
gorilla	1
gorillas	1
Gormless	1
gouge	1
gouged	1
gouges	1
gouging	1
governing	1
GR	1
graces	1
grade	1
grades	1
graduate	1
graffiti	1
grandchildren	1
Grandma's	1
grandmother's	1
granite	1
grapple	1
grappling	1
grasped	1
grassland	1
grated	1
gratifying	1
gravely	1
grawrf	1
grays	1
graze	1
greed	1
greedily	1
greedy	1
greenand	1
greenbrier	1
greenest	1
greens	1
greetings	1
grid	1
grieve	1
grimacing	1
gritting	1
grizzled	1
Grmbph	1
groaning	1
Groar	1
Groble	1
GROOOOOOOSS	1
grossest	1
grouches	1
grounded	1
grounding	1
groves	1
GROWLFACE	1
growlier	1
growly	1
grownups	1
grrawrs	1
GRRR	1
Grrrble	1
grrroars	1
GRRRRMPH	1
GRRRROAR	1
Grrrrrr	1
grub	1
grubbing	1
grudge	1
gruesomely	1
grunts	1
Guardian's	1
guerrilla	1
gullible	1
gurgle	1
gurgles	1
gush	1
gustily	1
gusting	1
gusto	1
gusts	1
guts	1
guttural	1
GWOSE	1
HAA	1
haaaaaaaaate	1
habitats	1
hack	1
Hah	1
Hahahrmmm	1
hail	1
hailstones	1
hailstorm	1
Hailstorm's	1
haircut	1
hairless	1
hairsbreadth	1
Halfprepared	1
Hall's	1
hallucinations	1
hampered	1
handheld	1
handhold	1
handholds	1
handled	1
handsprings	1
handy	1
harassing	1
harbor	1
hardy	1
harmony	1
harms	1
harnesses	1
harp	1
harps	1
harrumphing	1
harsh	1
harshly	1
harshness	1
harvesters	1
Hatcheries	1
haunts	1
Hawker	1
hazarded	1
hazy	1
headaches	1
headband	1
headfirst	1
headlong	1
hearable	1
heartburn	1
heartfelt	1
hearths	1
heartily	1
heartless	1
heartsick	1
heartstrings	1
heartwarming	1
hearty	1
heatedly	1
heavens	1
hedged	1
hedgehog	1
hefting	1
Heidi	1
helpfulness	1
Hemlock's	1
hems	1
hen	1
herald	1
Hereville	1
heroics	1
heroism	1
hexagonal	1
hiccup	1
hiccuping	1
hiccupping	1
hidey	1
hierarchy	1
highlight	1
highlights	1
Highness	1
hightailing	1
hinting	1
hippos	1
histories	1
hitch	1
hits	1
Hive's	1
Hiyah	1
Hmmmm	1
Hmmmmmmmm	1
Hmmmshhhh	1
hoarded	1
hoarding	1
hoards	1
hoarsely	1
hobbling	1
hobby	1
holds	1
hollered	1
homeless	1
homicidal	1
homicidally	1
Honeysuckle	1
honking	1
honorable	1
hooing	1
hook	1
hooking	1
HOOOO	1
hoot	1
hooves	1
hopefulness	1
hopelessness	1
hops	1
hordes	1
horizons	1
hornets	1
horrifyingly	1
hors	1
horseback	1
hospital	1
host	1
hosted	1
hotly	1
houseful	1
houseplants	1
How'd	1
Hrmph	1
Hrrmph	1
HrrrmbleGRRR	1
Hsst	1
Hubblesnubbleooble	1
huffy	1
hugfest	1
hugger	1
hulked	1
humansized	1
humbly	1
humidity	1
humiliated	1
Humpback's	1
hunk	1
hurling	1
Hurrah	1
hurricanes	1
hustle	1
hybrids	1
hyperaware	1
hypnotic	1
Hypnotize	1
Hypocrisy	1
hypocritical	1
hysterical	1
hysterics	1
I'ma	1
I'mjustsayingshe'dbeallright	1
IC	1
icily	1
Ick	1
id	1
ideal	1
idealistic	1
identify	1
identifying	1
identity	1
idiocy	1
idiotic	1
ii	1
iii	1
illusion	1
imaginative	1
imitations	1
immature	1
immensely	1
imminent	1
immunity	1
impact	1
impaled	1
impart	1
impassable	1
impassively	1
impeccable	1
impeccably	1
imperfect	1
Imperial	1
imperious	1
impertinence	1
impertinent	1
impervious	1
implacable	1
implementation	1
imposs	1
imprinted	1
improper	1
improvement	1
impudence	1
inaccurate	1
inaudible	1
incandescent	1
incapable	1
incessant	1
incessantly	1
inchworms	1
incident	1
incidentally	1
incisive	1
incompetent	1
inconceivable	1
incongruous	1
incorrectly	1
increase	1
incredulity	1
incredulously	1
ind	1
indecisive	1
indescribably	1
indestructibly	1
indifferently	1
indigestion	1
indispensable	1
indistinguishable	1
individual	1
individually	1
indrawn	1
inducing	1
industriously	1
inedible	1
ineffective	1
ineffectual	1
ineffectually	1
inescapably	1
inevitably	1
inexorably	1
infamous	1
infamy	1
infantile	1
infection	1
inferior	1
inferiors	1
infernal	1
infest	1
infestation	1
infiltrating	1
infiltrator	1
inflection	1
inflicted	1
influence	1
inform	1
informal	1
infuriate	1
ingest	1
ingredients	1
inhabit	1
inhabitant	1
inheriting	1
initially	1
injecting	1
injects	1
injuring	1
inked	1
inland	1
inlet	1
innocence	1
inopportune	1
input	1
inquisitive	1
inscription	1
insecure	1
inserted	1
insidious	1
insightful	1
insignificant	1
insistence	1
insistently	1
insists	1
insolent	1
inspect	1
inspiration	1
instantaneous	1
instruct	1
instruments	1
insubstantial	1
insufficiently	1
insulted	1
insurmountable	1
intensely	1
intensity	1
intentional	1
interaction	1
intercept	1
intercepted	1
interlocking	1
interlude	1
interpretation	1
interpreting	1
interrogated	1
interrogations	1
interrupting	1
intersecting	1
intersection	1
interspersed	1
intertribal	1
intertwining	1
intervals	1
interweaving	1
intimate	1
intimidated	1
intricate	1
introducing	1
invaders	1
invades	1
invention	1
Investigation	1
investment	1
inviting	1
involves	1
inward	1
inwardly	1
Io's	1
iota	1
Ipso	1
iridescently	1
ironclad	1
Ironically	1
irrationally	1
irregular	1
irresponsible	1
issuing	1
itched	1
items	1
itty	1
iv	1
ive	1
JAAAAMBUUUUU	1
jabs	1
Jackanapes	1
Jambus	1
jaunted	1
jaunty	1
jawed	1
jawline	1
jealously	1
jeebie	1
jerkface	1
jerkily	1
jerky	1
jeweled	1
Jewish	1
jostled	1
journal	1
journals	1
jovial	1
joyful	1
judge	1
juices	1
juicy	1
jumpily	1
jumpy	1
JUNIOR	1
justifiable	1
juvenile	1
K	1
kangaroo	1
keel	1
kernel	1
Kestrels	1
kicks	1
kid's	1
kindhearted	1
kindled	1
kissing	1
kiwi	1
knit	1
knits	1
knots	1
knotting	1
knowledgeable	1
kooky	1
kowtowing	1
laboratories	1
labored	1
Labs	1
lacerations	1
lacework	1
lacing	1
lack	1
laden	1
ladies	1
ladybugs	1
lake's	1
lamplight	1
lancing	1
landholders	1
landmarks	1
languidly	1
larva	1
lassos	1
lassst	1
latch	1
lateness	1
latticed	1
latticework	1
laureate	1
lavishly	1
leadership	1
leafiest	1
leafless	1
leaflike	1
leafpainted	1
leafspeakers	1
leaked	1
leaking	1
learner	1
leashed	1
leathery	1
lee	1
legged	1
leggy	1
lemurs	1
lessened	1
lethal	1
Lettering	1
lettuce	1
leveled	1
levered	1
levers	1
liberating	1
librarian's	1
librarians	1
libraries	1
licked	1
lidless	1
lieutenants	1
Life's	1
Lifeless	1
lifelessly	1
lifelong	1
lifetimes	1
lifts	1
lightest	1
LIIIIIIIIIIIIIIIIIIIIIIIIES	1
Liiiiiiike	1
likable	1
Lily's	1
limes	1
limestone	1
limped	1
linens	1
linked	1
linking	1
lip	1
listlessly	1
literal	1
loading	1
loads	1
LOATHE	1
loaves	1
lobbed	1
lobster	1
locations	1
logistics	1
loll	1
lolling	1
lolloped	1
Longs	1
lookout	1
loon	1
looooooooooooooooooooooooooove	1
looooooooooooooove	1
loooooooove	1
loooooots	1
looooove	1
loophole	1
loopy	1
loosely	1
loosened	1
looser	1
loped	1
lot's	1
loudest	1
lovingly	1
lowborn	1
lucked	1
lugging	1
lugubriously	1
lullaby	1
lumbered	1
Lumberjanes	1
luminous	1
lunar	1
lure	1
luring	1
lurk	1
Luuuuuuna	1
MAAAAAAAD	1
Maaaaybe	1
Maciel	1
madeup	1
Maffib	1
Magazine	1
maggot	1
maggots	1
magician	1
magnaganimous	1
magnificently	1
magnified	1
magpies	1
Maine	1
mainly	1
makahiyas	1
maker	1
malevolence	1
maliciously	1
malleable	1
mammal	1
man's	1
mandibles	1
mane	1
manes	1
maneuver	1
maneuvered	1
mangoes	1
Mangos	1
maniac	1
manic	1
manipulate	1
manipulation	1
manner	1
mansion	1
mapped	1
mapping	1
marginally	1
markedly	1
marries	1
marrying	1
masher	1
mashing	1
massacred	1
massacres	1
masses	1
matches	1
mathematically	1
mattress	1
mature	1
maws	1
maximum	1
mayor	1
maze	1
meanest	1
meanies	1
meanings	1
meanness	1
measures	1
Meboo	1
meddlesome	1
meddling	1
medicine	1
medium	1
Meeebomorp	1
Meesnugoo	1
melancholy	1
melee	1
mell	1
meltdown	1
melts	1
melty	1
membranes	1
memorial	1
mended	1
mercenary	1
merchant	1
merciful	1
mercifully	1
mere	1
Meredith	1
merge	1
merits	1
mesh	1
metallically	1
midflight	1
midway	1
miffed	1
Mikenesses	1
mile	1
military	1
millennia	1
millionth	1
milord	1
mimed	1
mimic	1
mimicked	1
mimics	1
mindlessly	1
Mindreader	1
mine's	1
minimize	1
minnows	1
mint	1
minus	1
minuscule	1
misbegotten	1
misbehave	1
mischief	1
misgivings	1
misguided	1
mish	1
misinformed	1
mismatched	1
misread	1
misses	1
mistaken	1
mister	1
mistook	1
mistress	1
misty	1
misunderstanding	1
mixes	1
mixing	1
Mmmf	1
Mmmmm	1
Mmmmmine	1
Mmmmmmmaybe	1
Mmmmmmmmmmmmmmrf	1
Mmmore	1
Mo	1
moaned	1
moaning	1
mobbed	1
mobs	1
mockingly	1
modified	1
moist	1
mold	1
molded	1
moldy	1
moles	1
molted	1
mom's	1
monarchies	1
monitor	1
month's	1
moodily	1
moody	1
mooing	1
moonbeam	1
mooning	1
MOOOOOOOOOOOOOOOOOOOOOM	1
moosebreath	1
mop	1
moped	1
mopey	1
moping	1
morale	1
morass	1
Moray's	1
morbid	1
mornings	1
morons	1
morosely	1
mosaics	1
moseyed	1
moseying	1
mosquito	1
mosquitoes	1
mosses	1
mosslike	1
motive	1
mountain's	1
mountainous	1
mountaintop	1
mourned	1
mouthfuls	1
Mouthy	1
MRBLE	1
Mrow	1
Mrrrowr	1
Ms	1
muck	1
muddier	1
muddle	1
muffle	1
muggy	1
multiarmed	1
multicolored	1
mum	1
mumble	1
mumbling	1
murals	1
Murderbasket's	1
murderously	1
murdery	1
muscly	1
muscular	1
museums	1
musing	1
mustache	1
mustier	1
mutant	1
mutating	1
mutations	1
mutely	1
muttery	1
Mwff	1
mycelia	1
mycelium	1
mystified	1
mystique	1
mythical	1
Myths	1
Nah	1
nailed	1
Name's	1
nameless	1
naming	1
nanosecond	1
napping	1
naps	1
naptime	1
narcissistic	1
narrower	1
nasal	1
nastier	1
nat	1
nausea	1
nauseating	1
navigating	1
navy	1
nearness	1
nebulas	1
nebulous	1
necessity	1
necked	1
nectar	1
nectarine	1
nectarines	1
negative	1
neglected	1
negotiable	1
negotiate	1
neighbor's	1
nettles	1
network	1
networks	1
newcomer's	1
newcomers	1
newer	1
nextoldest	1
Ni	1
nibble	1
nick	1
nieces	1
nighmpht	1
night's	1
nimbly	1
ninth	1
nized	1
Nnnnoooo	1
NOBBY	1
nobles	1
noblest	1
nobly	1
NOBYNOBYNOBE	1
nocturnal	1
noisily	1
nominally	1
NOMOBLEH	1
nonchalant	1
noncommittal	1
nonetheless	1
nonexistent	1
nonnegotiable	1
nonroyal	1
noodling	1
nooks	1
noon	1
nooo	1
Noooooo	1
NOOOOOOO	1
nooooooooooooooooo	1
NOOOOOOOOOOOOOW	1
NOOOOOOOWWW	1
northernmost	1
nos	1
nosediving	1
nosing	1
notch	1
notches	1
notebook	1
Nothing's	1
notorious	1
nots	1
novel	1
Nowadays	1
nudges	1
nuggets	1
nuisance	1
nuisances	1
numbly	1
numbness	1
nurse	1
nursed	1
nurturing	1
oak	1
oaths	1
OBEDIENCE	1
objecting	1
oblivious	1
obscured	1
obscurely	1
observers	1
obstacle	1
Obv	1
obviousness	1
occasions	1
occupied	1
occurs	1
ocean's	1
Ocelot's	1
Ocelots	1
Octopi	1
octopus's	1
oddlooking	1
odious	1
Odollam	1
odor	1
offshoot	1
Ohhhhhhhh	1
Oi	1
old's	1
omen	1
oneeyebrow	1
ongoing	1
ood	1
oodles	1
Ooobeegoo	1
Ooohh	1
Ooooh	1
Oooohhh	1
Oooom	1
oooooooh	1
Ooooooooooo	1
OOOOOOOOOOOOOOOOO	1
Oooooorgh	1
Oooorble	1
oozy	1
opal	1
openings	1
oppressively	1
optimistic	1
optional	1
opulence	1
orangutans	1
orchestra	1
orchestras	1
Orchid's	1
orderly	1
Oregon	1
organism	1
organizes	1
organs	1
Orgle	1
originally	1
originals	1
ornate	1
ornately	1
Orthodox	1
ostentatious	1
ostriches	1
othermind's	1
outdated	1
outermost	1
outfit	1
outgoing	1
outlines	1
outlook	1
outpacing	1
outrun	1
outsized	1
Outvoted	1
outwardly	1
outweigh	1
outwit	1
outwitted	1
ovals	1
overbalancing	1
overboard	1
overdramatic	1
overestimate	1
overestimating	1
overexcited	1
overhanging	1
overhear	1
overhearing	1
overidentify	1
overlaid	1
overlap	1
overlaying	1
overpowering	1
overrated	1
overreact	1
override	1
Overruled	1
overrun	1
overshares	1
overturning	1
overwater	1
overworld	1
owe	1
owl	1
owlishly	1
Owrl	1
Owwww	1
owwwww	1
oxygen	1
Oysters	1
pacifists	1
packet	1
packets	1
padding	1
Pah	1
painless	1
painstakingly	1
paints	1
Palace's	1
palatable	1
paled	1
palely	1
pallets	1
palpably	1
pampered	1
pamphlets	1
pancake	1
panda	1
pandas	1
pandemonium	1
panes	1
panthers	1
papaya	1
paperweight	1
Paperwork	1
parading	1
parakeet	1
parallel	1
parcel	1
parched	1
pardoned	1
parent's	1
parody	1
parrot	1
parrying	1
part's	1
partial	1
Partially	1
particles	1
partitioned	1
partnership	1
partnerships	1
pas	1
passersby	1
patrolled	1
patronizingly	1
pattering	1
paua	1
paved	1
pawn	1
payment	1
pays	1
pea	1
peacekeeping	1
Peacemaker	1
peacemaking	1
peaked	1
pealed	1
peapods	1
pearlescent	1
PEAS	1
peasant	1
peasants	1
pebbled	1
peculiarly	1
peddler	1
pedestals	1
peel	1
peep	1
peephole	1
peeping	1
pell	1
penciling	1
pendant	1
penetratingly	1
Penguin	1
penmanship	1
Pennyfoo	1
pensively	1
peppery	1
per	1
perceived	1
perceptible	1
Perception	1
perching	1
perfected	1
perils	1
periodically	1
periods	1
perpetual	1
perpetually	1
perplexed	1
persistent	1
persuasive	1
pests	1
petered	1
petulant	1
phase	1
phases	1
Philadelphia	1
phrase	1
phrases	1
phrasing	1
physically	1
physiognomy	1
piazza	1
pickings	1
pickled	1
pickup	1
picnic	1
pigeon	1
pigeons	1
pigs	1
pileup	1
pilfered	1
pillbugs	1
pillowed	1
Pine's	1
Pineapples	1
pinecones	1
pinkie	1
pinprick	1
pinwheeled	1
pious	1
pipsqueak	1
piranhas	1
pitching	1
pitifully	1
placating	1
placement	1
placid	1
plainly	1
plaintive	1
planks	1
plaster	1
platoon	1
playgrounds	1
Plays	1
plea	1
plead	1
pleading	1
pleadingly	1
pleases	1
pledge	1
pledged	1
plinks	1
plop	1
plowing	1
pluck	1
plucking	1
plumes	1
plummet	1
plummets	1
plummy	1
po	1
pocketed	1
pockmarked	1
pod	1
podium	1
poems	1
poetic	1
pointier	1
poise	1
poisoning	1
poles	1
policed	1
policy	1
polishing	1
politeness	1
politic	1
pomp	1
pompously	1
ponderously	1
poofed	1
pool's	1
poop	1
porcelain	1
porcupines	1
portable	1
portfolio	1
Portland	1
posed	1
positioned	1
positively	1
poss	1
possessions	1
possessive	1
postpone	1
posture	1
potion	1
pottery	1
POUNCEDED	1
powder	1
powering	1
practical	1
praying	1
precipitation	1
precise	1
precision	1
precocious	1
Precognition	1
predictably	1
predicting	1
preeeeetty	1
preening	1
preferable	1
prefers	1
preoccupied	1
preparation	1
PREPARATiONS	1
preposterous	1
presentable	1
PRESERVATION	1
presume	1
presumptuous	1
pretends	1
pretense	1
prettiest	1
prevented	1
preventing	1
prick	1
pricker	1
pricking	1
primly	1
primness	1
Prince's	1
principal	1
principal's	1
principle	1
printer	1
prior	1
Priorities	1
pristine	1
privacy	1
prize	1
procedures	1
proceeding	1
proclaiming	1
proclamation	1
producing	1
productive	1
products	1
professional	1
profoundly	1
prolific	1
promote	1
promoted	1
promoting	1
promotion	1
pronouns	1
pronunciation	1
prop	1
propaganda	1
prophecy's	1
prophesied	1
prophet	1
proposal	1
proposed	1
proposing	1
prospect	1
prospects	1
prosperity	1
protesting	1
protruding	1
proves	1
provided	1
Provider	1
provides	1
provisions	1
prowl	1
prying	1
PS	1
Pshaw	1
psycho	1
PUBLISHING	1
puddling	1
pumping	1
pumpkin	1
pun	1
punches	1
punching	1
punctual	1
punctuality	1
puncture	1
punishments	1
puppeteer	1
puppeteered	1
purples	1
purposefully	1
purr	1
purring	1
pursuer	1
pyramid	1
pyre	1
Qiblis	1
quadruple	1
quailed	1
quantity	1
quarantined	1
quartet	1
questioned	1
Quests	1
quicker	1
quickness	1
quill	1
quirked	1
quirking	1
quivering	1
RAAAAAAAAWWWWR	1
RAAAAARRRWRWR	1
raccoonmancers	1
Rachel	1
radiant	1
radishes	1
raiding	1
rainfall	1
rainstorm	1
rainwater	1
rake	1
rallied	1
ram	1
ramblings	1
rampage	1
ramshackle	1
ranking	1
rankings	1
ransom	1
rant	1
ranting	1
rapid	1
rapped	1
rapping	1
rapt	1
Rargh	1
rasped	1
raspy	1
rate	1
rational	1
rattlesnakes	1
ravaging	1
ravenous	1
RAWR	1
Rawrgllorf	1
ray	1
reacting	1
reactions	1
reactivated	1
reacts	1
readings	1
readjusting	1
realign	1
realistic	1
realm	1
reanimated	1
rearing	1
reassigned	1
reassurance	1
rebel	1
rebellious	1
rebelliously	1
rebuilt	1
reburied	1
receding	1
received	1
recharge	1
rechecked	1
Recipes	1
recognition	1
recognizable	1
recoiled	1
reconvene	1
recorded	1
recruit	1
recruited	1
rectangles	1
recurring	1
redesigned	1
redistributed	1
redness	1
redrawn	1
reds	1
refer	1
references	1
referring	1
refill	1
refined	1
reflections	1
refrained	1
region	1
registering	1
registers	1
regretting	1
regularly	1
rehearsed	1
reined	1
reinforced	1
reinforcements	1
rejoin	1
rejoined	1
Rejoining	1
relation	1
relative's	1
relatively	1
releases	1
relentless	1
relevant	1
reliable	1
relishing	1
relocate	1
reluctance	1
rely	1
relying	1
reminder	1
remorse	1
remote	1
removable	1
renounce	1
reorganized	1
repairing	1
repay	1
repeat	1
repelled	1
repentance	1
repetition	1
reply	1
reporting	1
represent	1
representative	1
repressing	1
reproachful	1
reproachfully	1
reprovingly	1
reptile	1
reptilian	1
requests	1
requires	1
reread	1
rescuer	1
researchers	1
resentful	1
resentfully	1
reset	1
resettle	1
residue	1
resistance	1
resisted	1
resolutely	1
Respectable	1
responses	1
restarted	1
restaurants	1
restraining	1
results	1
retake	1
retaliate	1
rethink	1
retort	1
RETREAT	1
retreating	1
reunions	1
reunited	1
revel	1
reviewing	1
revolutionary	1
rewarded	1
reweave	1
rewrite	1
RGRUMPHLE	1
rhyming	1
Ribbit	1
rice	1
richer	1
richest	1
ricochet	1
ricocheted	1
ricocheting	1
ridiculously	1
riffled	1
rigged	1
righteously	1
rightful	1
rigidly	1
rimmed	1
ringed	1
ringleader	1
Ripple's	1
risks	1
rituals	1
rivalry	1
riverside	1
ROAAARGH	1
roads	1
roaming	1
roarfy	1
Roargrawf	1
ROARGRAWRARGRROARF	1
roargrrrrROARGRRROAR	1
ROARITY	1
Roarmorgrrroarble	1
roary	1
rob	1
robbed	1
robe	1
rockier	1
rockpile	1
rogue	1
roiling	1
romped	1
romping	1
roommate	1
roommate's	1
ROOOAR	1
roooargooor	1
ROOOOOAAARRR	1
ROOOOOOOOAR	1
ROOOOOOOOOOOOOOOAR	1
ROOOOOOOOOOOOOSE	1
ROOOWWW	1
roped	1
rosebush	1
rosebushes	1
rotate	1
rotating	1
rougher	1
Rover	1
RR	1
Rrrgh	1
Rrrrgh	1
Rrrriptide	1
Rrrrrbllrrp	1
rrrrrbpity	1
rrrrrflte	1
Rrrrrgh	1
rrrrrgle	1
rrrrrmble	1
Rrrrrr	1
Rrrrrrrrrrrrrrrrrrrrrrrgh	1
Rubbish	1
ruffling	1
rug	1
rugged	1
rulers	1
rumbly	1
rummaging	1
runaway	1
rusted	1
rustle	1
rustlings	1
ruthless	1
S'all	1
sabladay	1
sadnesses	1
saga	1
Sage	1
sagely	1
sagged	1
salamanders	1
sale	1
salmon	1
salty	1
saluting	1
saplings	1
sashimi	1
satchel	1
saucier	1
saunter	1
Saves	1
sawed	1
saws	1
Saylor	1
scalding	1
scandalized	1
scans	1
Scarab's	1
scarcely	1
scares	1
scarily	1
scatterings	1
scavenging	1
scenario	1
scenarios	1
scepter	1
scheduled	1
schemes	1
schmophecy	1
scholarship	1
schoolchildren	1
schoolyard	1
scientist	1
sconces	1
scoot	1
score	1
scores	1
scorn	1
scoundrel	1
scouted	1
scowls	1
scrambles	1
scrawl	1
screech	1
screeched	1
screens	1
scribble	1
scribblings	1
scribbly	1
scrollworm	1
scrounged	1
Scrrrrape	1
Scrrrrrrraaaaaaaaape	1
Scrrrrrrrraaaaaaaaape	1
scrub	1
scrubby	1
scrubland	1
scrunch	1
scrutinize	1
scrutinizing	1
scrutiny	1
scudded	1
sculpted	1
sculpture	1
Scuse	1
seabird	1
seafloor	1
seafood	1
seahorse	1
sealed	1
seam	1
searches	1
seashell	1
seasoning	1
Secondarily	1
Secondly	1
secrecy	1
secured	1
securing	1
Seeker	1
seeming	1
seep	1
seethe	1
seethed	1
seizure	1
selected	1
selecting	1
selective	1
selves	1
semi	1
sensitive	1
sensors	1
sentenced	1
sentences	1
sentimental	1
sentinels	1
separately	1
separation	1
sepulchral	1
Sequoias	1
seriousness	1
serrated	1
servant	1
server	1
service	1
setup	1
seventeen	1
seventh	1
sevenyear	1
sever	1
severing	1
sew	1
sewn	1
sh	1
shackles	1
shading	1
shady	1
shaker	1
shakily	1
shameful	1
shares	1
sharklike	1
sharkmancers	1
sharpen	1
sharpened	1
shatter	1
shaved	1
sheared	1
sheath	1
sheathed	1
sheesh	1
shelved	1
shepherded	1
Shhhhh	1
Shhhhhhhhhhhhhh	1
shhhhwwwwww	1
shied	1
shifts	1
shimmery	1
shimmy	1
shimmying	1
shiniest	1
shins	1
shipwrecks	1
Shockingly	1
shoo	1
shooing	1
shoots	1
shoppers	1
shopping	1
shops	1
shortages	1
shortsighted	1
shortsightedness	1
shorttempered	1
shouty	1
shovel	1
shovels	1
showers	1
shrewdest	1
shrewdly	1
shrimpy	1
shrinking	1
shriveling	1
shrub	1
shrubbery	1
shshhhhmmy	1
shuffle	1
shutting	1
sibling	1
sibs	1
sicken	1
sickening	1
sickeningly	1
sidestep	1
sifting	1
sighing	1
sighs	1
sighted	1
sightless	1
sightlessly	1
signaling	1
signed	1
silhouetted	1
silken	1
silkily	1
silkworms	1
sill	1
silliest	1
silveryblack	1
similarity	1
simmer	1
simmering	1
simpler	1
simultaneously	1
sincere	1
sincerity	1
sinewy	1
singed	1
sings	1
site	1
sizes	1
sizzle	1
skein	1
skeletal	1
skeleton's	1
skepticism	1
skewer	1
skewered	1
skimming	1
skirmish	1
skirmishes	1
skirt	1
skirted	1
skitter	1
skulking	1
skylight	1
skylights	1
skylit	1
skyward	1
SkyWingish	1
SKYYYYY	1
slab	1
slacken	1
slain	1
slammo	1
slants	1
slapped	1
slapping	1
slashes	1
slates	1
slats	1
slaughter	1
slaving	1
slayed	1
slayering	1
slays	1
sleepovers	1
sleepwalks	1
slew	1
slingshot	1
slogging	1
slot	1
slowest	1
sludge	1
sluggishly	1
Sluglike	1
slugs	1
slumbering	1
slurped	1
slurping	1
slyly	1
smarmed	1
smearing	1
smelly	1
smidgen	1
smiley	1
smirk	1
SMIRKETY	1
smoldered	1
SMOOSH	1
smooshing	1
smoother	1
smudge	1
smudged	1
smuggled	1
Smusha	1
smushy	1
Snabble	1
snacking	1
snagging	1
snakebites	1
snakelike	1
snaking	1
snappy	1
snarly	1
sneakier	1
sneer	1
snide	1
snidely	1
sniffled	1
sniffles	1
snip	1
sniped	1
sniping	1
snob	1
snoobleemee	1
Snoooooooobleemee	1
snooped	1
snooper	1
snooty	1
snoozed	1
snoozing	1
snored	1
snores	1
snorting	1
snortling	1
snowballs	1
Snowflake's	1
Snubble	1
Snudooooo	1
snug	1
snuggle	1
snugly	1
SNUUUUUUUUUUUUUUDOOOOOOOOOOOOOOO	1
soapy	1
sober	1
sobering	1
Sobs	1
social	1
socializing	1
society	1
socks	1
sodden	1
softened	1
softest	1
softhearted	1
soggy	1
solder	1
soldier's	1
sole	1
solidly	1
somber	1
someones	1
someplace	1
somersault	1
somersaulted	1
somersaulting	1
somersaults	1
Something's	1
somethings	1
soonest	1
sooo	1
soooooo	1
soot	1
soothingly	1
sorcery	1
sought	1
soulful	1
soulless	1
soulmates	1
soundlessly	1
soundly	1
sour	1
sources	1
sourly	1
southeast	1
southernmost	1
southwest	1
spaced	1
spacey	1
span	1
spangled	1
sparing	1
sparkled	1
sparky	1
sparrow	1
Sparrows	1
spartanly	1
spasmed	1
spasms	1
speaker	1
specialize	1
specialness	1
specialty	1
specify	1
specimen	1
spectators	1
speculatively	1
speeds	1
spelled	1
Spelunking	1
spiderlike	1
spike	1
spiking	1
spills	1
spinal	1
spindly	1
spineless	1
spirited	1
spite	1
spiteful	1
splaaaaaaaaaaaat	1
Splash's	1
splatted	1
splattering	1
splatters	1
splotch	1
splotches	1
spoil	1
spoiling	1
spooks	1
spooky	1
spooled	1
Spoons	1
sports	1
spout	1
sprained	1
sprawl	1
spreads	1
springing	1
sprouting	1
sprouts	1
spunkiness	1
spurts	1
sputter	1
Sqrble	1
squadrons	1
SQUASHER	1
squashy	1
squatting	1
squawking	1
squealing	1
squeamish	1
Squid's	1
squids	1
squiggle	1
squiggles	1
squirm	1
squirmy	1
squishiest	1
Sssso	1
stabbable	1
STABEEBAD	1
stacks	1
staff	1
stages	1
staggeringly	1
stagnant	1
stair	1
stakes	1
stale	1
stalling	1
stalwart	1
stammer	1
stammering	1
standards	1
starburst	1
Starflights	1
stark	1
starlike	1
starling	1
starscape	1
starscapes	1
starters	1
startle	1
stashed	1
stately	1
statement	1
stations	1
steadied	1
steadier	1
stealthier	1
steamed	1
steaming	1
stellar	1
stickiness	1
stifled	1
stilted	1
stitches	1
stocked	1
stoic	1
stomachache	1
stool	1
stools	1
store	1
storeroom	1
stores	1
stormy	1
storybooks	1
storyteller	1
storytellers	1
storytelling	1
stowed	1
straddle	1
straighten	1
straighter	1
strangeness	1
stranger's	1
strap	1
strategies	1
strategize	1
strawberries	1
strawberry	1
streak	1
strengthen	1
strengthened	1
strengths	1
strewn	1
stringy	1
stripped	1
stroke	1
struggles	1
strum	1
stub	1
stubbornness	1
Stubby	1
studio	1
stumped	1
stupendously	1
stupider	1
STUPIDEST	1
stupidheads	1
STUPIDLY	1
sturdily	1
sturdiness	1
styled	1
su	1
submerge	1
submerging	1
submission	1
submissive	1
submitted	1
subside	1
subsiding	1
substantially	1
substitute	1
substitutions	1
subtlety	1
suds	1
suffocating	1
sugary	1
suites	1
suits	1
summertime	1
summery	1
sunbaked	1
sunbeams	1
sunflower	1
sunken	1
sunless	1
sunnily	1
suns	1
Sunset's	1
superb	1
supercilious	1
superstitious	1
supervillain	1
supervise	1
supervised	1
supplied	1
supported	1
supportive	1
suppressed	1
supremely	1
Surf	1
surfaces	1
surfacing	1
surgeries	1
surreptitiously	1
surround	1
survey	1
survivor	1
sury	1
suspecting	1
suspending	1
suspicions	1
swaggered	1
swallows	1
swampland	1
swamplands	1
swatting	1
swayed	1
swears	1
sweat	1
swerve	1
Swiftwings	1
swimmer	1
swims	1
swiped	1
swirls	1
Swirsky	1
swishing	1
swooshing	1
sycophants	1
symmetrical	1
synapses	1
sync	1
tablecloths	1
tablets	1
tackle	1
tad	1
tag	1
tagging	1
Tailbite	1
tainted	1
takers	1
talkative	1
Talkatoo	1
tame	1
taming	1
tan	1
tang	1
tant	1
tantrums	1
tarantulas	1
targeted	1
targeting	1
taro	1
tasks	1
tastes	1
taunt	1
taunts	1
teaches	1
teacup	1
teams	1
teardrops	1
tearstreaked	1
tedium	1
teen	1
teetering	1
teller	1
tempo	1
temporarily	1
temporary	1
tempt	1
temptation	1
tempting	1
tendons	1
tenor	1
tentacled	1
tented	1
ter	1
termite	1
TERR	1
terrariums	1
terrifyingly	1
territories	1
tethered	1
tethering	1
Thaaaaaaaaat's	1
thanked	1
thanking	1
That'd	1
theatre	1
ther	1
thickest	1
thief's	1
thingfinding	1
thinker	1
thinning	1
thirsty	1
thornlike	1
threadbare	1
threading	1
threes	1
thrived	1
throats	1
throbbed	1
throng	1
throngs	1
thrower	1
throws	1
thrumming	1
thrusting	1
thudding	1
thumpy	1
thunderclap	1
thunderclouds	1
thunderously	1
thunked	1
thwacked	1
Thwip	1
tiara	1
ticked	1
ticking	1
tickles	1
tides	1
tidier	1
tiers	1
tightness	1
tiiiiiiiiiired	1
tiled	1
tingling	1
tinkered	1
tinkering	1
tiptoes	1
tiredness	1
titles	1
tizzy	1
toadstool	1
toast	1
toasting	1
toed	1
toeholds	1
tolerates	1
tomb	1
Tomorrow's	1
tonight's	1
toothily	1
toothpaste	1
topaz	1
topics	1
tornado	1
torrent	1
torrents	1
tournaments	1
tow	1
towed	1
towel	1
towerlike	1
tracery	1
tracked	1
trader's	1
tradesfolk	1
trainer	1
trample	1
trance	1
trances	1
tranquility	1
tranquilized	1
transaction	1
transfigured	1
transfixed	1
transformation	1
transition	1
translated	1
transmitting	1
transplanted	1
traumatic	1
traumatize	1
traveler	1
tread	1
treasonous	1
treasurehungry	1
treasures	1
treatment	1
treebark	1
Treehopper	1
trekked	1
trenches	1
trend	1
triangular	1
tributary	1
tribute	1
tributes	1
trifle	1
triggered	1
trimmed	1
trios	1
triplepadlocked	1
trips	1
troll	1
trolls	1
trotted	1
troublemakers	1
troublemaking	1
troubles	1
troublesome	1
TRUBUBBLE	1
truest	1
truffles	1
trumpeting	1
truster	1
Truthfinder's	1
truthful	1
truuuuue	1
tsked	1
tufts	1
tugs	1
tumble	1
tumbledown	1
tumbler	1
tumblers	1
tumult	1
tune	1
Tunesmith	1
tunnel's	1
ture	1
turmoil	1
Turnips	1
tusk	1
tussle	1
tussled	1
tutors	1
tweaks	1
twigbrain	1
twinges	1
twinkle	1
twinkled	1
twirled	1
ULTIMATE	1
Umber's	1
unadorned	1
unbalanced	1
unbearable	1
unbearably	1
unbeatable	1
UNBELIEVABLE	1
unbelievably	1
unblemished	1
unblock	1
unbound	1
unceremoniously	1
uncertainly	1
unchaining	1
unclasped	1
uncle's	1
unclenched	1
unclip	1
uncoiling	1
uncommon	1
Unconcerned	1
uncontrollable	1
unconvinced	1
uncovered	1
Uncrossable	1
uncurled	1
undamaged	1
undeniable	1
undercooked	1
understatement	1
undertake	1
undertow	1
underwent	1
undiscovered	1
undo	1
undoing	1
unearthing	1
uneaten	1
unenthusiastically	1
unevenly	1
unfazed	1
unfit	1
unfrozen	1
ungraceful	1
unharmed	1
unhesitating	1
unhurried	1
unhurt	1
unimportant	1
unimpressed	1
UNiMPRESSiVE	1
unintelligible	1
unintelligibly	1
uninteresting	1
uninvisible	1
union	1
unite	1
uniting	1
units	1
unleash	1
unmake	1
unmemorable	1
unmoving	1
unnaturally	1
Unnerving	1
Unnnnggghhhhhhhhh	1
unpacking	1
unperturbed	1
unproductive	1
unprovoked	1
unravel	1
unreadable	1
unreal	1
unrelated	1
unremarkable	1
unresponsive	1
unrest	1
unroll	1
unsafe	1
unsatisfied	1
unscathed	1
unscientific	1
unselfconsciously	1
unsettled	1
unshed	1
unsolved	1
UNSPECIFIED	1
unspooling	1
unsubstantiated	1
unsure	1
unsurprisingly	1
unsuspecting	1
untangle	1
untouchable	1
untrue	1
unwanted	1
unwavering	1
unwelcoming	1
Unwillingly	1
unwinding	1
unwise	1
unwrapping	1
unwrinkled	1
unyielding	1
upcoming	1
updated	1
updates	1
updraft	1
upend	1
upgraded	1
uphill	1
uphold	1
upid	1
uproar	1
uproarious	1
uprooting	1
upsides	1
upstairs	1
upstanding	1
upturned	1
ur	1
urally	1
Urgh	1
Urk	1
Urrrblroarf	1
urrrrrgh	1
usher	1
usurp	1
utensils	1
vacantly	1
valiant	1
vanilla	1
variable	1
variables	1
varying	1
vastly	1
veer	1
vegetarianism	1
vehemence	1
vehemently	1
veined	1
Vengeance's	1
venomously	1
verge	1
Vermilion's	1
vertigo	1
vest	1
vests	1
vi	1
victim	1
victory	1
views	1
vigorous	1
vii	1
viii	1
villager	1
villainy	1
virtually	1
visibly	1
visionaries	1
vitally	1
vocabulary	1
volcanoes	1
volcanology	1
Vole's	1
vomiting	1
voted	1
votes	1
vouch	1
vultures	1
vying	1
waddle	1
wafting	1
wagons	1
waists	1
waits	1
waitstaff	1
wakes	1
walkway	1
wan	1
waned	1
wanna	1
war's	1
warfare	1
warns	1
warped	1
warrens	1
warty	1
washy	1
watchers	1
water's	1
waterfall's	1
waterlogged	1
waters	1
way's	1
weakness	1
wealthiest	1
weaponry	1
wearer	1
wearer's	1
wears	1
weary	1
weathered	1
wedding	1
weddings	1
wedges	1
weekends	1
weigh	1
weirdo's	1
Weirdout	1
welded	1
welled	1
wellthought	1
wetly	1
wetness	1
Whaaat	1
whack	1
whammed	1
What'll	1
WHATS	1
whatsit	1
wheelbarrows	1
wheels	1
wheeze	1
wheezed	1
whereabouts	1
whim	1
whimper	1
whirls	1
whisk	1
whiskers	1
whistle	1
whites	1
whittled	1
Who'll	1
wholeheartedly	1
whomever	1
whoops	1
whooshy	1
whorls	1
WHYYYYY	1
whyyyyyyy	1
whyyyyyyyy	1
whyyyyyyyyyyy	1
wideeyed	1
widely	1
widest	1
wiggly	1
Wildcats	1
wildebeest	1
wildebeests	1
wilder	1
wildflower	1
wildlife	1
willed	1
winded	1
windier	1
windowless	1
wingbud	1
winglength	1
wingspan	1
wingstrokes	1
wingtip	1
wingtips	1
WINNER	1
winningly	1
Winter's	1
winters	1
wiry	1
Wisdom's	1
wiser	1
wishes	1
Wishful	1
wishy	1
wisp	1
wisps	1
withdrawing	1
withheld	1
witnessed	1
wizened	1
wobbliness	1
woe	1
woebegone	1
woefully	1
wolfed	1
wolves	1
wonderfulness	1
wondrous	1
WOO	1
woobly	1
wooded	1
woodfires	1
woodworking	1
woozy	1
worded	1
Wordibird	1
wordless	1
wordlessly	1
worker	1
workers	1
workshop	1
world's	1
worlds	1
worrywart	1
worshipfully	1
would've	1
wrangle	1
wraps	1
wrathful	1
wreak	1
Wreaths	1
wreck	1
wrenching	1
wrest	1
wring	1
wrinkles	1
wristband	1
writes	1
wrongness	1
wrongs	1
wshhhwshhhh	1
WUZ	1
wwwwwwwsssshhhh	1
X	1
Y	1
Yaa	1
Yaaaaaaah	1
YAAAAH	1
Yaaaargh	1
YAAAAYYYYYY	1
Yaaay	1
yapping	1
yards	1
yarn	1
YARRGH	1
yearning	1
Yeeeeeeesh	1
Yeeeesh	1
Yeeergh	1
Yeep	1
yellowing	1
yellowy	1
yelps	1
Yessssss	1
Yeurgh	1
YIIIIIIEEEE	1
yip	1
yippering	1
yipping	1
yodeled	1
Yooooow	1
Yormorbleflorp	1
youngster	1
YOUUUSHH	1
youuuuuuu	1
YOUUUUUUUU	1
yowled	1
yummier	1
yummmmm	1
YUUUUsafe	1
Yyyyyyyyyyyyyyyyyyyyyuck	1
zagged	1
ZAMEE	1
zap	1
zapping	1
zealots	1
zebras	1
zeroing	1
zigged	1
zigzag	1
zillion	1
Zob	1
Zodiac	1
zombified	1
